State,Year,Fossil,Renewable,Total,fossil_share
AK,2000,3497341.0,10891.0,3508232.0,0.9968955872929727
AK,2001,3438696.1,15393.0,3454089.1,0.9955435428692329
AK,2002,3425115.5,16466.0,3441581.5,0.9952155716783113
AK,2003,3445911.9,17590.0,3463501.9,0.9949213251478222
AK,2004,3744150.3,17134.0,3761284.3,0.9954446410764536
AK,2005,3835047.2,12529.0,3847576.2,0.996743664232043
AK,2006,3654700.2,10750.0,3665450.2,0.9970672088247168
AK,2007,3508127.0,11435.0,3519562.0,0.9967510161775812
AK,2008,3126158.0,10861.1,3137019.1,0.9965377641468616
AK,2009,3014520.4,14650.8,3029171.1999999997,0.9951634295215801
AK,2010,3012938.3,15768.4,3028706.6999999997,0.9947936853707228
AK,2011,3008995.1,15287.2,3024282.3000000003,0.994945180878121
AK,2012,2918951.4,16156.1,2935107.5,0.994495567879541
AK,2013,2753579.0,18164.7,2771743.7,0.9934464719807967
AK,2014,2740477.4,19218.9,2759696.3,0.9930358641275129
AK,2015,2830938.5,27294.1,2858232.6,0.9904507071957684
AK,2016,2695664.9,29555.8,2725220.6999999997,0.9891547132311156
AK,2017,2721017.5,27128.7,2748146.2,0.9901283636219935
AK,2018,2759382.1,28252.2,2787634.3000000003,0.989865169904101
AK,2019,2765802.1,26648.7,2792450.8000000003,0.9904568775213515
AL,2000,7080909.5,447791.0,7528700.5,0.9405221392456773
AL,2001,6619959.0,387540.0,7007499.0,0.9446963888257423
AL,2002,6851397.7,386199.0,7237596.7,0.9466398839272158
AL,2003,6947793.1,396949.0,7344742.1,0.9459546714376805
AL,2004,7245461.7,441165.0,7686626.7,0.9426061629869446
AL,2005,7185751.3,425685.0,7611436.3,0.944072973454432
AL,2006,7295901.0,438079.0,7733980.0,0.9433565900092837
AL,2007,7321570.0,402944.0,7724514.0,0.947835682607346
AL,2008,6991224.1,388473.0,7379697.1,0.9473592215593781
AL,2009,6236210.9,370607.0,6606817.9,0.9439053708442607
AL,2010,6866102.5,374826.0,7240928.5,0.9482350916736714
AL,2011,6881475.0,400480.0,7281955.0,0.9450037798915264
AL,2012,6770419.5,394229.0,7164648.5,0.9449758072569785
AL,2013,6574897.6,463736.0,7038633.6,0.9341156215319973
AL,2014,6699171.7,422146.0,7121317.7,0.9407208022751182
AL,2015,6685511.5,398350.0,7083861.5,0.9437665459721368
AL,2016,6621455.3,376819.0,6998274.3,0.9461554400632739
AL,2017,6372028.4,403348.0,6775376.4,0.9404685472529615
AL,2018,6592743.3,416843.0,7009586.3,0.9405324391255444
AL,2019,6356202.5,414048.0,6770250.5,0.9388430309927233
AR,2000,3655354.1,186069.0,3841423.1,0.9515624821436618
AR,2001,3534784.3,153582.0,3688366.3,0.9583604264034188
AR,2002,3555416.3,171506.0,3726922.3,0.9539818686319272
AR,2003,3583053.5,180819.0,3763872.5,0.9519593184944495
AR,2004,3525509.6,178253.0,3703762.6,0.9518724553242154
AR,2005,3460479.8,184733.0,3645212.8,0.9493217515312138
AR,2006,3549640.5,180297.0,3729937.5,0.9516621927311114
AR,2007,3580464.0,200104.0,3780568.0,0.9470703873068809
AR,2008,3660240.9,187612.0,3847852.9,0.9512424188565005
AR,2009,3494817.1,196256.0,3691073.1,0.9468295547980342
AR,2010,3766862.2,205166.0,3972028.2,0.9483472952180954
AR,2011,3823978.7,206160.0,4030138.7,0.9488454330368332
AR,2012,3717629.6,197447.0,3915076.6,0.9495675257030731
AR,2013,3805427.9,201771.0,4007198.9,0.9496478699871873
AR,2014,3811303.7,201596.0,4012899.7,0.9497630105232882
AR,2015,3464018.9,185769.0,3649787.9,0.9491014258664181
AR,2016,3604541.2,179296.0,3783837.2,0.9526152975080429
AR,2017,3676745.3,175513.0,3852258.3,0.9544389326125925
AR,2018,3997716.6,180751.0,4178467.6,0.9567422755653293
AR,2019,3825930.1,185415.0,4011345.1,0.953777350146214
AZ,2000,4601548.0,91734.0,4693282.0,0.98045418962679
AZ,2001,4748657.2,78843.0,4827500.2,0.9836679447470557
AZ,2002,4751356.0,76465.0,4827821.0,0.9841615917408703
AZ,2003,4878083.7,74128.0,4952211.7,0.9850313345853127
AZ,2004,5257703.0,73444.0,5331147.0,0.9862236025380654
AZ,2005,5336441.0,74712.0,5411153.0,0.9861929610935045
AZ,2006,5507904.7,75698.0,5583602.7,0.9864428033176501
AZ,2007,5571021.5,75991.0,5647012.5,0.9865431500284443
AZ,2008,5581789.5,86608.0,5668397.5,0.9847209021597374
AZ,2009,5087208.8,66884.0,5154092.8,0.9870231284931462
AZ,2010,5461152.2,72078.5,5533230.7,0.9869735234426427
AZ,2011,5383214.6,91141.2,5474355.8,0.9833512465521513
AZ,2012,5316844.6,85041.1,5401885.699999999,0.9842571456112077
AZ,2013,5453489.7,91323.6,5544813.3,0.9835299053261181
AZ,2014,5352076.5,105219.5,5457296.0,0.9807194808564534
AZ,2015,5380707.6,115069.7,5495777.3,0.9790621610522682
AZ,2016,5324736.0,123525.1,5448261.1,0.9773276100882904
AZ,2017,5280046.4,132931.3,5412977.7,0.9754421120190464
AZ,2018,5496202.8,142362.6,5638565.399999999,0.9747519821265176
AZ,2019,5638382.9,144494.7,5782877.600000001,0.9750133566721176
CA,2000,27152255.5,748031.0,27900286.5,0.9731891283625349
CA,2001,27316174.1,653787.0,27969961.1,0.9766253875841108
CA,2002,27287771.0,710007.0,27997778.0,0.9746405946929074
CA,2003,26470949.0,729609.0,27200558.0,0.9731766899781983
CA,2004,27963946.4,719015.0,28682961.4,0.9749323303834311
CA,2005,27757499.9,734604.0,28492103.9,0.9742172777911287
CA,2006,28186049.3,783678.0,28969727.3,0.9729483818786241
CA,2007,28586356.1,649762.0,29236118.1,0.9777753668329859
CA,2008,27317863.1,642040.4,27959903.5,0.9770371024349208
CA,2009,26309843.5,694289.4,27004132.9,0.9742895132915007
CA,2010,25318299.4,752196.9,26070496.299999997,0.9711475803396962
CA,2011,24693464.1,830286.5,25523750.6,0.967470043372074
CA,2012,24994658.3,748050.0,25742708.3,0.9709412859252264
CA,2013,25246473.0,795312.8,26041785.8,0.9694601281913623
CA,2014,25020151.5,807234.2,25827385.7,0.9687450286538293
CA,2015,25476225.6,776239.7,26252465.3,0.9704317407477918
CA,2016,25698434.6,918033.3,26616467.900000002,0.9655088232049002
CA,2017,26009726.7,1072159.2,27081885.9,0.9604104675738259
CA,2018,26178160.4,1020437.1,27198597.5,0.9624819956249582
CA,2019,26176628.1,1140436.8,27317064.900000002,0.9582518545028605
CO,2000,4771262.2,34903.0,4806165.2,0.9927378692684138
CO,2001,5276816.1,26557.0,5303373.1,0.9949924322691911
CO,2002,5143423.3,24293.0,5167716.3,0.9952990840460805
CO,2003,5156171.3,25090.0,5181261.3,0.9951575497649578
CO,2004,5373217.3,26560.0,5399777.3,0.9950812786297687
CO,2005,5505134.0,34788.0,5539922.0,0.9937204892054436
CO,2006,5551254.7,36419.0,5587673.7,0.9934822607841256
CO,2007,5772699.3,40614.0,5813313.3,0.9930136227132297
CO,2008,5681750.1,59751.5,5741501.6,0.9895930534966672
CO,2009,5502792.8,63052.9,5565845.7,0.988671461014451
CO,2010,5637849.8,65271.5,5703121.3,0.9885551268215179
CO,2011,5405595.7,81444.4,5487040.100000001,0.9851569519238614
CO,2012,5307869.9,80620.8,5388490.7,0.9850383336469338
CO,2013,5409392.6,94333.0,5503725.6,0.9828601556734587
CO,2014,5526023.1,101975.6,5627998.699999999,0.9818806639027832
CO,2015,5451719.5,103800.9,5555520.4,0.9813157197658746
CO,2016,5290192.5,122609.1,5412801.6,0.9773483107158408
CO,2017,5340267.7,125931.0,5466198.7,0.9769618693151422
CO,2018,5567977.8,131099.1,5699076.899999999,0.9769964325275204
CO,2019,5743219.2,144634.4,5887853.600000001,0.975435122911344
CT,2000,2828627.8,94268.0,2922895.8,0.9677484226430515
CT,2001,2780933.5,55960.0,2836893.5,0.9802741978153215
CT,2002,2696736.1,52458.0,2749194.1,0.9809187717957055
CT,2003,2933694.2,55282.0,2988976.2,0.9815047038514392
CT,2004,3106510.3,54715.0,3161225.3,0.9826918378769144
CT,2005,3004558.5,45698.0,3050256.5,0.9850183091159711
CT,2006,2807919.2,44820.0,2852739.2,0.984288784617956
CT,2007,2766079.4,43761.0,2809840.4,0.9844258058215691
CT,2008,2579916.6,46144.0,2626060.6,0.9824284329158284
CT,2009,2566390.0,53135.0,2619525.0,0.9797157881677021
CT,2010,2586035.2,56351.0,2642386.2,0.9786741998576892
CT,2011,2552166.9,54723.0,2606889.9,0.9790083194537675
CT,2012,2461206.5,50341.0,2511547.5,0.9799561823935243
CT,2013,2515402.2,54229.0,2569631.2,0.9788961933525714
CT,2014,2540928.4,58619.0,2599547.4,0.9774503053877763
CT,2015,2621082.5,60559.0,2681641.5,0.97741719017997
CT,2016,2447588.1,60930.9,2508519.0,0.9757104092095775
CT,2017,2447798.7,56357.0,2504155.7,0.9774946102592582
CT,2018,2695299.7,60117.4,2755417.1,0.9781821053516726
CT,2019,2644409.8,60005.4,2704415.1999999997,0.9778120608107809
DE,2000,974787.2,4683.0,979470.2,0.9952188438198528
DE,2001,944181.1,2759.0,946940.1,0.9970864049373345
DE,2002,946003.0,2746.0,948749.0,0.9971056622984583
DE,2003,959902.7,2949.0,962851.7,0.9969372230427593
DE,2004,944590.3,3024.0,947614.3,0.9968088282331746
DE,2005,985140.9,2077.0,987217.9,0.9978961078400219
DE,2006,924551.0,1926.0,926477.0,0.9979211572440546
DE,2007,950208.7,3292.0,953500.7,0.9965474592729717
DE,2008,911845.7,6197.0,918042.7,0.9932497693190088
DE,2009,708318.3,7508.0,715826.3,0.9895114219748562
DE,2010,826963.4,8044.2,835007.6,0.9903663152287476
DE,2011,930199.8,8407.5,938607.3,0.9910425797881606
DE,2012,963892.4,7021.7,970914.1,0.9927679492964414
DE,2013,922454.1,7042.5,929496.6,0.9924233181702871
DE,2014,930925.3,7704.8,938630.1000000001,0.9917914415913148
DE,2015,955131.0,6270.3,961401.3,0.993477957643702
DE,2016,980269.0,5533.3,985802.3,0.9943870084295806
DE,2017,951145.6,5678.3,956823.9,0.9940654701455512
DE,2018,979475.8,5819.7,985295.5,0.9940934470927758
DE,2019,959853.4,6175.1,966028.5,0.9936077455271765
FL,2000,12980492.7,418794.0,13399286.7,0.96874505267508
FL,2001,12909199.5,343243.0,13252442.5,0.974099642386677
FL,2002,13157286.9,374479.0,13531765.9,0.9723259327151085
FL,2003,13393324.6,401627.0,13794951.6,0.9708859435215416
FL,2004,14208972.8,383222.0,14592194.8,0.9737378780058501
FL,2005,14492824.8,390187.0,14883011.8,0.9737830618396741
FL,2006,14605715.0,396493.0,15002208.0,0.9735710236786478
FL,2007,14362699.4,408006.0,14770705.4,0.972377351727562
FL,2008,13774978.5,419221.0,14194199.5,0.9704653298694301
FL,2009,13062392.8,456893.0,13519285.8,0.966204353783245
FL,2010,14398868.4,491190.0,14890058.4,0.9670122180313275
FL,2011,13874186.0,486416.0,14360602.0,0.9661284394623568
FL,2012,13752715.5,477470.0,14230185.5,0.9664466777330485
FL,2013,13773417.3,496507.0,14269924.3,0.9652060522843838
FL,2014,14050701.4,491462.0,14542163.4,0.9662043406829001
FL,2015,14632374.4,477415.0,15109789.4,0.9684035966775288
FL,2016,14867954.9,458038.0,15325992.9,0.9701136492109428
FL,2017,14950712.5,476144.0,15426856.5,0.9691353841270255
FL,2018,15442965.1,474787.0,15917752.1,0.970172484342183
FL,2019,15227555.3,462607.0,15690162.3,0.970516111232323
GA,2000,9232309.4,411076.0,9643385.4,0.9573722315401809
GA,2001,8857012.0,348609.0,9205621.0,0.9621308546158918
GA,2002,8939073.5,531120.0,9470193.5,0.9439166686509626
GA,2003,9151676.1,388199.0,9539875.1,0.9593077481695751
GA,2004,9470910.4,405162.0,9876072.4,0.9589753918774431
GA,2005,9987093.7,379285.0,10366378.7,0.9634120061618046
GA,2006,9734208.7,381420.0,10115628.7,0.962293989695371
GA,2007,9733655.8,372556.0,10106211.8,0.9631359398187163
GA,2008,9095668.4,312815.0,9408483.4,0.9667518146442178
GA,2009,9083070.2,320749.0,9403819.2,0.9658916241179967
GA,2010,9863045.9,372271.0,10235316.9,0.963628776359626
GA,2011,9227371.4,380925.0,9608296.4,0.9603545744071759
GA,2012,8581716.5,368705.0,8950421.5,0.958805850651838
GA,2013,8760070.0,434812.0,9194882.0,0.9527115192995408
GA,2014,8945968.3,469391.0,9415359.3,0.9501462466758969
GA,2015,9046037.0,474132.0,9520169.0,0.9501971025934519
GA,2016,8953578.5,450407.0,9403985.5,0.9521046688130261
GA,2017,9035870.4,432741.0,9468611.4,0.9542973112192565
GA,2018,8996139.3,443621.0,9439760.3,0.9530050567067895
GA,2019,8869671.9,464403.0,9334074.9,0.950246488808441
HI,2000,1162781.3,37059.0,1199840.3,0.9691133895069202
HI,2001,1187956.0,21890.0,1209846.0,0.981906788136672
HI,2002,1296523.0,20045.0,1316568.0,0.9847748084413415
HI,2003,1415129.6,24401.0,1439530.6,0.9830493356653898
HI,2004,1482946.4,24759.0,1507705.4,0.9835783568859009
HI,2005,1552519.4,22980.0,1575499.4,0.9854141486819988
HI,2006,1530073.8,24069.0,1554142.8,0.9845130061407484
HI,2007,1569962.2,24297.0,1594259.2,0.9847596927776864
HI,2008,1226567.2,26555.9,1253123.0999999999,0.9788082272204544
HI,2009,1211092.7,26780.7,1237873.4,0.9783655582226745
HI,2010,1385630.1,25502.3,1411132.4000000001,0.9819277765856698
HI,2011,1400119.7,26352.2,1426471.9,0.9815263097716822
HI,2012,1385259.6,27412.2,1412671.8,0.9805954928809367
HI,2013,1397028.3,33052.9,1430081.2,0.976887396324069
HI,2014,1344986.3,34292.5,1379278.8,0.9751373688916265
HI,2015,1371601.8,34601.2,1406203.0,0.9753938798310059
HI,2016,1363370.7,38203.3,1401574.0,0.9727425737064186
HI,2017,1418567.4,35134.1,1453701.5,0.9758312831072954
HI,2018,1422205.1,34922.6,1457127.7000000002,0.9760332605028371
HI,2019,1435955.6,34276.4,1470232.0,0.9766864005136605
IA,2000,4317295.4,73623.0,4390918.4,0.9832328926905132
IA,2001,4231355.6,65452.0,4296807.6,0.984767295608023
IA,2002,4287312.4,75431.0,4362743.4,0.9827101910233822
IA,2003,4217190.0,74594.0,4291784.0,0.982619348970032
IA,2004,4382634.6,76431.0,4459065.6,0.9828594134161202
IA,2005,4427017.4,81794.0,4508811.4,0.9818590770951298
IA,2006,4484135.9,65914.0,4550049.9,0.9855135654666117
IA,2007,4758609.7,74740.0,4833349.7,0.9845366040863959
IA,2008,4996301.3,86679.2,5082980.5,0.9829471704642581
IA,2009,4778622.0,117312.2,4895934.2,0.9760388528097457
IA,2010,4985844.8,132883.1,5118727.899999999,0.9740398195418827
IA,2011,4897653.5,127403.5,5025057.0,0.9746463572453009
IA,2012,4610716.5,145250.2,4755966.7,0.9694593740532287
IA,2013,4812390.5,159717.5,4972108.0,0.967877306768075
IA,2014,4885469.6,172998.1,5058467.699999999,0.965800295611258
IA,2015,4648100.1,181814.5,4829914.6,0.9623565807975155
IA,2016,4581189.0,195499.2,4776688.2,0.9590722291649683
IA,2017,4758986.0,200832.8,4959818.8,0.9595080368661856
IA,2018,5082469.2,204224.6,5286693.8,0.9613700721611682
IA,2019,4960024.1,241002.1,5201026.199999999,0.953662586817963
ID,2000,1206897.1,133866.0,1340763.1,0.9001568584338278
ID,2001,1166289.7,110094.0,1276383.7,0.9137453729626914
ID,2002,1150813.2,108453.0,1259266.2,0.9138760335185682
ID,2003,1052188.5,105889.0,1158077.5,0.9085648412994812
ID,2004,1169100.6,113357.0,1282457.6,0.9116095534074576
ID,2005,1191474.4,131164.0,1322638.4,0.9008315500290933
ID,2006,1202305.2,146020.0,1348325.2,0.8917026841892446
ID,2007,1217864.9,133321.0,1351185.9,0.9013303794836817
ID,2008,1174582.4,134276.9,1308859.2999999998,0.8974092173238178
ID,2009,1123433.3,129893.8,1253327.1,0.8963608143476671
ID,2010,1225442.7,130321.9,1355764.5999999999,0.9038757170676975
ID,2011,1215602.4,156160.9,1371763.2999999998,0.8861604622313486
ID,2012,1193534.8,142196.5,1335731.3,0.8935440833047784
ID,2013,1288000.8,132719.5,1420720.3,0.906582949508077
ID,2014,1271686.9,151566.3,1423253.2,0.8935071426503731
ID,2015,1382428.0,160327.2,1542755.2,0.8960773556297201
ID,2016,1399969.4,150403.2,1550372.5999999999,0.9029889976125739
ID,2017,1422896.4,169827.3,1592723.7,0.8933730313675875
ID,2018,1462409.5,178321.1,1640730.6,0.8913160393302837
ID,2019,1524227.5,173813.1,1698040.6,0.897639019938628
IL,2000,13820247.9,92751.0,13912998.9,0.993333500515119
IL,2001,13123129.4,87062.0,13210191.4,0.9934094823183258
IL,2002,13176624.4,91659.0,13268283.4,0.9930918720050854
IL,2003,13422508.9,93017.0,13515525.9,0.9931177668787569
IL,2004,13716969.6,94734.0,13811703.6,0.9931410343905729
IL,2005,14490938.7,69362.0,14560300.7,0.9952362247573637
IL,2006,13774745.2,58732.0,13833477.2,0.995754357407695
IL,2007,14147700.2,66864.0,14214564.2,0.9952960921587733
IL,2008,14172375.4,83757.4,14256132.8,0.9941248162334739
IL,2009,13235557.0,106087.4,13341644.4,0.9920484014699117
IL,2010,13551110.8,123638.1,13674748.9,0.9909586566521891
IL,2011,13573466.8,114397.2,13687864.0,0.9916424359564064
IL,2012,12861304.3,120138.4,12981442.700000001,0.9907453737788328
IL,2013,13759115.6,141564.2,13900679.799999999,0.989816023242259
IL,2014,14104976.1,146164.6,14251140.7,0.9897436560990518
IL,2015,13437716.4,127314.4,13565030.8,0.9906145144911871
IL,2016,13046196.0,125408.7,13171604.7,0.9904788594209786
IL,2017,12997233.0,133504.9,13130737.9,0.9898326429925922
IL,2018,13448251.3,136115.0,13584366.3,0.98998002578891
IL,2019,13167431.4,155289.9,13322721.3,0.988343980444896
IN,2000,12229477.2,63121.0,12292598.2,0.9948651213540844
IN,2001,11583510.2,72852.0,11656362.2,0.9937500226271281
IN,2002,11959428.5,74151.0,12033579.5,0.993837993092579
IN,2003,12332275.3,75496.0,12407771.3,0.9939154262135699
IN,2004,12177216.9,77692.0,12254908.9,0.9936603363897711
IN,2005,12045232.1,86718.0,12131950.1,0.9928520972073567
IN,2006,11902395.7,67035.0,11969430.7,0.994399483009664
IN,2007,11866916.2,66123.0,11933039.2,0.9944588299014386
IN,2008,11606186.4,81590.9,11687777.3,0.9930191260574411
IN,2009,10581131.4,89253.1,10670384.5,0.9916354373171838
IN,2010,10965470.4,106049.5,11071519.9,0.9904214144979318
IN,2011,10749874.7,107490.0,10857364.7,0.9900998075527481
IN,2012,10223935.2,101780.8,10325716.0,0.990142978946932
IN,2013,10567674.7,111461.8,10679136.5,0.9895626579920577
IN,2014,10858192.0,112961.6,10971153.6,0.9897037627838882
IN,2015,10247286.9,119855.6,10367142.5,0.9884388972178206
IN,2016,10037793.1,122748.4,10160541.5,0.9879191084451552
IN,2017,9678957.4,122834.8,9801792.200000001,0.9874681285326574
IN,2018,10385030.7,132449.2,10517479.899999999,0.987406755110604
IN,2019,10095232.5,136738.7,10231971.2,0.9866361332213289
KS,2000,4210089.5,16218.0,4226307.5,0.9961626076663849
KS,2001,3977165.0,17293.0,3994458.0,0.9956707518266559
KS,2002,4184911.6,20478.0,4205389.6,0.9951305343980497
KS,2003,4352137.8,20478.0,4372615.8,0.9953167621083929
KS,2004,4209566.9,20789.0,4230355.9,0.9950857562598929
KS,2005,3904199.7,19845.0,3924044.7,0.9949427181601678
KS,2006,3955320.7,18030.0,3973350.7,0.9954622681556904
KS,2007,4352027.1,20170.0,4372197.1,0.9953867587533965
KS,2008,4113260.2,26294.8,4139555.0,0.9936479162615306
KS,2009,4048752.7,34592.6,4083345.3000000003,0.9915283676842123
KS,2010,4007398.3,41005.7,4048404.0,0.989871144283031
KS,2011,3895957.5,47433.9,3943391.4,0.9879712929332858
KS,2012,3714583.1,56445.0,3771028.1,0.9850319333340423
KS,2013,3940172.6,87527.6,4027700.2,0.9782685910932497
KS,2014,4056446.5,97075.7,4153522.2,0.9766281013256652
KS,2015,3789511.9,96151.8,3885663.6999999997,0.9752547293271933
KS,2016,3690313.3,116805.9,3807119.1999999997,0.9693190851497374
KS,2017,3561712.5,147934.7,3709647.2,0.9601216255820769
KS,2018,3816294.3,154028.1,3970322.4,0.9612051404188234
KS,2019,3746885.8,169407.0,3916292.8,0.9567430198273225
KY,2000,7149376.7,41142.0,7190518.7,0.9942782987269054
KY,2001,7352141.7,53642.0,7405783.7,0.9927567422742849
KY,2002,7530174.3,71975.0,7602149.3,0.9905322827585088
KY,2003,7242638.9,79129.0,7321767.9,0.9891926374776234
KY,2004,7683138.1,81912.0,7765050.1,0.9894511949124449
KY,2005,7758130.7,89196.0,7847326.7,0.9886335814207914
KY,2006,7817207.6,82778.0,7899985.6,0.9895217530523094
KY,2007,7845937.3,81248.0,7927185.3,0.9897507126520683
KY,2008,7656098.6,83503.0,7739601.6,0.9892109433643199
KY,2009,7285021.5,90370.0,7375391.5,0.9877470911205188
KY,2010,7552652.6,98886.0,7651538.6,0.9870763247538215
KY,2011,7467794.3,102300.0,7570094.3,0.9864862977994872
KY,2012,7055813.8,90412.0,7146225.8,0.9873482866998129
KY,2013,6927206.8,107322.0,7034528.8,0.9847435410314903
KY,2014,7001846.0,110901.0,7112747.0,0.9844081337351096
KY,2015,6736535.7,96484.0,6833019.7,0.9858797421585072
KY,2016,6607923.8,96326.0,6704249.8,0.985632098613032
KY,2017,6248488.0,109051.0,6357539.0,0.9828469789961178
KY,2018,6648149.9,112377.0,6760526.9,0.9833774790541844
KY,2019,6364151.3,112581.0,6476732.3,0.982617623396292
LA,2000,17183747.0,277940.0,17461687.0,0.9840828666783455
LA,2001,15327610.9,262595.0,15590205.9,0.9831564123216615
LA,2002,15879503.4,270422.0,16149925.4,0.9832555263691807
LA,2003,15275286.6,286002.0,15561288.6,0.981620930801322
LA,2004,15863782.7,357611.0,16221393.7,0.9779543603580745
LA,2005,15207500.5,292902.0,15500402.5,0.9811035874713576
LA,2006,15856553.5,290702.0,16147255.5,0.9819968167345838
LA,2007,16046029.1,290523.0,16336552.1,0.9822163821214147
LA,2008,16051761.0,206598.0,16258359.0,0.9872928134998126
LA,2009,15287742.2,200162.0,15487904.2,0.9870762372096801
LA,2010,15564167.4,214258.0,15778425.4,0.9864208249829542
LA,2011,15809218.6,212749.0,16021967.6,0.986721418660215
LA,2012,15108053.8,211528.0,15319581.8,0.9861923123776133
LA,2013,14608450.5,241003.0,14849453.5,0.9837702444739801
LA,2014,14464748.6,286902.0,14751650.6,0.9805511933695067
LA,2015,14570026.1,253805.0,14823831.1,0.9828785825817996
LA,2016,14882388.1,285386.0,15167774.1,0.981184714506
LA,2017,15351958.4,262495.0,15614453.4,0.9831889728525496
LA,2018,15551070.0,260198.0,15811268.0,0.9835435083384837
LA,2019,15778370.1,239445.0,16017815.1,0.9850513320009544
MA,2000,5341138.5,124888.0,5466026.5,0.9771519585570981
MA,2001,5351858.6,86675.0,5438533.6,0.9840627995752385
MA,2002,5378155.9,82033.0,5460188.9,0.9849761608064512
MA,2003,5466503.5,86752.0,5553255.5,0.9843781724071583
MA,2004,5367100.8,89511.0,5456611.8,0.9835958643786974
MA,2005,5460462.4,68462.0,5528924.4,0.9876174830677735
MA,2006,5007051.7,72090.0,5079141.7,0.9858066570578253
MA,2007,5178065.1,66901.0,5244966.1,0.9872447221346197
MA,2008,5088088.4,71733.2,5159821.600000001,0.9860977364023593
MA,2009,4730181.2,84585.3,4814766.5,0.9824321075591101
MA,2010,5005012.2,89436.4,5094448.600000001,0.9824443414739722
MA,2011,4865864.0,91912.8,4957776.8,0.9814608838380946
MA,2012,4444701.0,86953.0,4531654.0,0.9808120831819905
MA,2013,4735498.4,96704.3,4832202.7,0.9799875323938708
MA,2014,4687743.0,103279.1,4791022.1,0.9784432010864655
MA,2015,4831213.7,102368.7,4933582.4,0.9792506354003533
MA,2016,4626658.0,104676.4,4731334.4,0.9778759243903791
MA,2017,4715043.9,102394.4,4817438.300000001,0.9787450521161838
MA,2018,4759014.9,109337.4,4868352.300000001,0.9775411898600682
MA,2019,4740705.6,108610.7,4849316.3,0.9776028839364427
MD,2000,4473510.3,84405.0,4557915.3,0.9814816655324858
MD,2001,4484359.8,50283.0,4534642.8,0.9889113647496116
MD,2002,4455604.1,53847.0,4509451.1,0.9880590788532999
MD,2003,4582819.0,72954.0,4655773.0,0.9843304216077545
MD,2004,4694073.8,73995.0,4768068.8,0.984481138359413
MD,2005,4814876.8,65136.0,4880012.8,0.9866524940262452
MD,2006,4421003.8,64137.0,4485140.8,0.9857001144757819
MD,2007,4453540.9,60683.0,4514223.9,0.9865573792208224
MD,2008,4269475.0,64498.0,4333973.0,0.9851180429596585
MD,2009,4145251.4,73528.0,4218779.4,0.9825712621996778
MD,2010,4231883.1,76821.0,4308704.1,0.9821707413140763
MD,2011,3999506.8,80288.5,4079795.3,0.9803204587249758
MD,2012,3822539.2,73156.5,3895695.7,0.9812211975386065
MD,2013,3790716.6,80818.6,3871535.2,0.9791249218139615
MD,2014,3950529.4,80241.9,4030771.3,0.9800926686165499
MD,2015,3929288.8,67666.3,3996955.0999999996,0.9830705378701903
MD,2016,3783950.7,68426.6,3852377.3000000003,0.9822378249399403
MD,2017,3614887.6,73265.7,3688153.3000000003,0.9801348550235154
MD,2018,3995363.5,83079.2,4078442.7,0.9796296758073859
MD,2019,3830733.9,69863.3,3900597.1999999997,0.9820890760009775
ME,2000,1506309.7,281830.0,1788139.7,0.8423892719344019
ME,2001,1513846.9,258978.0,1772824.9,0.8539178911577787
ME,2002,1620849.0,246644.0,1867493.0,0.8679277512686795
ME,2003,1664603.7,225678.0,1890281.7,0.8806114453734594
ME,2004,1712749.4,230260.0,1943009.4,0.8814931106354915
ME,2005,1603559.5,267696.0,1871255.5,0.8569431058452467
ME,2006,1497065.2,251780.0,1748845.2,0.8560307110086129
ME,2007,1496036.2,264075.0,1760111.2,0.849966865729847
ME,2008,1378594.2,309470.4,1688064.6,0.8166714709851743
ME,2009,1343607.1,242700.8,1586307.9000000001,0.847002716181392
ME,2010,1299483.8,266764.4,1566248.2000000002,0.8296793573330203
ME,2011,1286236.9,267699.8,1553936.7,0.8277279891774227
ME,2012,1172822.3,260907.0,1433729.3,0.818022132908911
ME,2013,1210952.7,269537.8,1480490.5,0.8179402029259897
ME,2014,1212502.9,259596.1,1472099.0,0.8236558139092547
ME,2015,1244106.3,269892.3,1513998.6,0.8217354362150665
ME,2016,1195894.8,231443.4,1427338.2,0.8378496420820238
ME,2017,1184043.5,231488.5,1415532.0,0.8364653713232905
ME,2018,1117957.6,235403.5,1353361.1,0.8260600958605948
ME,2019,1096226.3,231692.9,1327919.2,0.8255218389793596
MI,2000,11072266.4,203102.0,11275368.4,0.9819871074012979
MI,2001,10700419.5,168240.0,10868659.5,0.9845206301660292
MI,2002,10762315.4,157501.0,10919816.4,0.9855765889983279
MI,2003,10594653.4,177886.0,10772539.4,0.983487087547807
MI,2004,10681675.1,185697.0,10867372.1,0.9829124282953374
MI,2005,10688172.4,203836.0,10892008.4,0.9812857287183142
MI,2006,9995921.6,195459.0,10191380.6,0.9808211460574832
MI,2007,10059557.7,199648.0,10259205.7,0.9805396240373658
MI,2008,9708123.7,212323.2,9920446.899999999,0.9785974158079512
MI,2009,9131751.8,187415.6,9319167.4,0.9798892334523361
MI,2010,9357808.4,206513.3,9564321.700000001,0.9784079512925625
MI,2011,9237338.4,232165.7,9469504.1,0.9754828027372627
MI,2012,8931626.5,229824.5,9161451.0,0.9749139628646161
MI,2013,9519709.7,256374.4,9776084.1,0.9737753483524144
MI,2014,9654550.5,268310.4,9922860.9,0.972960378795595
MI,2015,9642621.8,300441.3,9943063.100000001,0.9697838284864148
MI,2016,9368576.2,285989.1,9654565.299999999,0.9703778377261585
MI,2017,9368006.2,282105.3,9650111.5,0.9707666279296358
MI,2018,9912056.4,297973.7,10210030.1,0.9708155904457129
MI,2019,9787639.5,294268.5,10081908.0,0.970812221258119
MN,2000,6042068.7,122503.0,6164571.7,0.980127897612092
MN,2001,5809855.0,122775.0,5932630.0,0.9793051311138568
MN,2002,5934853.5,105890.0,6040743.5,0.9824707008334321
MN,2003,6134672.5,102016.0,6236688.5,0.9836426013580765
MN,2004,6148029.8,118208.0,6266237.8,0.9811357302782221
MN,2005,6215125.0,132514.0,6347639.0,0.9791238915760647
MN,2006,6025033.4,127256.0,6152289.4,0.9793156674326796
MN,2007,6165094.3,152006.0,6317100.3,0.9759373774704828
MN,2008,6166261.7,168988.0,6335249.7,0.9733257554157653
MN,2009,5671554.4,184813.1,5856367.5,0.9684423663644743
MN,2010,5735278.8,203914.7,5939193.5,0.9656662642831892
MN,2011,5706206.5,206820.8,5913027.3,0.9650228572426852
MN,2012,5541345.2,213890.1,5755235.3,0.9628355594774727
MN,2013,5877292.0,213584.2,6090876.2,0.9649337479556718
MN,2014,6076423.0,238712.8,6315135.8,0.9621998944187392
MN,2015,5695233.4,239199.9,5934433.300000001,0.9596928825537562
MN,2016,5869201.0,240297.6,6109498.6,0.9606681962411777
MN,2017,5861716.5,238743.9,6100460.4,0.9608646094973421
MN,2018,6114493.8,239621.0,6354114.8,0.9622888462764317
MN,2019,6138530.7,230586.6,6369117.3,0.9637961448755231
MO,2000,6562589.2,32608.0,6595197.2,0.9950557960571672
MO,2001,6944146.7,43745.0,6987891.7,0.9937398858084764
MO,2002,6966217.6,42901.0,7009118.6,0.9938792589413453
MO,2003,7221651.4,39211.0,7260862.4,0.9945996773055498
MO,2004,7284084.7,45818.0,7329902.7,0.993749166684027
MO,2005,7396442.0,62694.0,7459136.0,0.9915950051051489
MO,2006,7313806.9,49618.0,7363424.9,0.9932615595767127
MO,2007,7291430.6,60918.0,7352348.6,0.9917144842669728
MO,2008,7081157.5,73107.5,7154265.0,0.9897812703331509
MO,2009,6688084.3,86955.7,6775040.0,0.9871652861090119
MO,2010,6915093.7,95512.7,7010606.4,0.9863759716991101
MO,2011,6842289.3,84965.3,6927254.6,0.9877346358830236
MO,2012,6491779.6,72594.9,6564374.5,0.9889410788491728
MO,2013,6707641.4,90443.1,6798084.5,0.9866957964408946
MO,2014,6795210.6,90069.2,6885279.8,0.9869185853565456
MO,2015,6481778.8,69867.7,6551646.5,0.9893358562614756
MO,2016,6267773.4,64824.2,6332597.600000001,0.9897634108315994
MO,2017,6405363.0,72900.5,6478263.5,0.9887469072537726
MO,2018,6577474.5,85987.9,6663462.4,0.9870956126352569
MO,2019,6338134.0,96187.2,6434321.2,0.9850509172591508
MS,2000,3847996.6,151050.0,3999046.6,0.9622284971622986
MS,2001,4134838.6,112478.0,4247316.6,0.9735178677285325
MS,2002,3891324.8,99613.0,3990937.8,0.9750402023303896
MS,2003,3976373.4,91112.0,4067485.4,0.9775999195965154
MS,2004,3997490.9,122978.0,4120468.9,0.9701543676254903
MS,2005,3914276.8,125909.0,4040185.8,0.9688358391834355
MS,2006,4086325.4,126736.0,4213061.4,0.969918311658121
MS,2007,4207999.6,127804.0,4335803.6,0.9705235726083165
MS,2008,4008817.4,94552.0,4103369.4,0.9769574730464189
MS,2009,3837475.3,93484.0,3930959.3,0.9762185276250507
MS,2010,3970199.6,115799.0,4085998.6,0.9716595595505099
MS,2011,3758732.8,117723.0,3876455.8,0.9696312802018793
MS,2012,3913805.9,143293.0,4057098.9,0.9646809201520821
MS,2013,3683464.4,120392.0,3803856.4,0.9683500144747841
MS,2014,3804801.7,122853.0,3927654.7,0.9687210283531289
MS,2015,4018475.5,110213.0,4128688.5,0.9733055666466482
MS,2016,4091128.2,109456.0,4200584.2,0.9739426720692803
MS,2017,4015048.9,100192.0,4115240.9,0.9756534301552067
MS,2018,4185442.3000000003,103856.0,4289298.300000001,0.9757871817868203
MS,2019,4141766.7,102426.0,4244192.7,0.9758667885178729
MT,2000,1678515.1,97042.0,1775557.1,0.9453456044866144
MT,2001,1634748.9,69742.0,1704490.9,0.9590833837833924
MT,2002,1628964.3,88084.0,1717048.3,0.9487003365018911
MT,2003,1666126.2,84114.0,1750240.2,0.9519414535216366
MT,2004,1798441.2,86321.0,1884762.2,0.9542005882758048
MT,2005,1876844.1,101964.0,1978808.1,0.948472012015718
MT,2006,1936999.0,107240.0,2044239.0,0.9475403805523718
MT,2007,2056286.7,108129.0,2164415.7,0.95004240636399
MT,2008,1996355.2,110339.2,2106694.4,0.9476244869687792
MT,2009,1819114.1,97161.5,1916275.6,0.949296698241109
MT,2010,1819280.3,98979.0,1918259.3,0.9484016576903863
MT,2011,1770881.9,106769.2,1877651.0999999999,0.9431368266447372
MT,2012,1707724.3,96536.0,1804260.3,0.9464955250636508
MT,2013,1768220.4,90241.7,1858462.0999999999,0.9514428085458402
MT,2014,1759523.3,105060.8,1864584.1,0.9436545661844912
MT,2015,1723688.7,110769.3,1834458.0,0.9396174237840277
MT,2016,1691957.1,114481.0,1806438.1,0.9366261152264227
MT,2017,1730623.1,120871.3,1851494.4000000001,0.9347168967942868
MT,2018,1746604.8,131900.2,1878505.0,0.9297844828733488
MT,2019,1788796.4,122765.2,1911561.5999999999,0.9357775339282814
NC,2000,7795054.4,233418.0,8028472.4,0.9709262250188466
NC,2001,7580149.5,221607.0,7801756.5,0.971595242686695
NC,2002,7544636.1,207227.0,7751863.1,0.9732674587609784
NC,2003,7619625.7,269802.0,7889427.7,0.9658020821966592
NC,2004,7811656.9,210637.0,8022293.9,0.9737435448481886
NC,2005,7985901.3,222487.0,8208388.3,0.9728951662776479
NC,2006,7680978.1,225628.0,7906606.1,0.9714633564456941
NC,2007,7910506.3,187501.0,8098007.3,0.9768460322331396
NC,2008,7670466.8,247488.0,7917954.8,0.9687434436983652
NC,2009,6956819.5,232668.0,7189487.5,0.9676377488659658
NC,2010,7863402.9,255769.0,8119171.9,0.9684981420334259
NC,2011,7289480.8,263473.0,7552953.8,0.9651165614173358
NC,2012,7042500.6,261156.0,7303656.6,0.9642431162494688
NC,2013,7267755.1,299294.0,7567049.1,0.9604477259173593
NC,2014,7471319.6,281800.0,7753119.6,0.963653340263189
NC,2015,7440093.5,269712.0,7709805.5,0.9650170163177269
NC,2016,7548310.3,274253.0,7822563.3,0.964940775870743
NC,2017,7428289.1,290165.8,7718454.899999999,0.9624062323665323
NC,2018,7735310.3,310817.8,8046128.1,0.9613705131043092
NC,2019,7629290.4,316889.7,7946180.100000001,0.960120498653183
ND,2000,2324695.8,20260.0,2344955.8,0.991360178302721
ND,2001,2419191.5,16876.0,2436067.5,0.9930724415476994
ND,2002,2373007.7,16973.0,2389980.7,0.9928982690111263
ND,2003,2350368.2,18648.0,2369016.2,0.992128378016157
ND,2004,2333243.6,19790.0,2353033.6,0.9915895803612834
ND,2005,2438169.3,17890.0,2456059.3,0.9927159739180564
ND,2006,2398339.7,19272.0,2417611.7,0.9920284965530238
ND,2007,2485479.0,19012.0,2504491.0,0.9924088367656342
ND,2008,2503981.9,26761.6,2530743.5,0.9894254000849948
ND,2009,2397782.1,38200.6,2435982.7,0.9843181973336674
ND,2010,2553268.2,50377.0,2603645.2,0.9806513575659234
ND,2011,2772680.0,63620.4,2836300.4,0.9775692306781045
ND,2012,2911681.3,62530.7,2974212.0,0.9789757085238039
ND,2013,3038325.9,60679.8,3099005.6999999997,0.9804195907093686
ND,2014,3189674.5,70118.2,3259792.7,0.9784899818936339
ND,2015,2976628.0,69556.8,3046184.8,0.9771659290007619
ND,2016,2758591.0,80504.6,2839095.6,0.9716442799601394
ND,2017,2931195.6,106534.6,3037730.2,0.9649295385087194
ND,2018,3075184.2,104942.6,3180126.8000000003,0.9670004982191276
ND,2019,3027284.1,108435.5,3135719.6,0.9654192613395662
NE,2000,2317242.4,22566.0,2339808.4,0.9903556205713254
NE,2001,2327488.7,24083.0,2351571.7,0.9897587643191998
NE,2002,2316290.4,25192.0,2341482.4,0.9892410039041933
NE,2003,2386328.5,25776.0,2412104.5,0.9893138958117279
NE,2004,2392001.5,25400.0,2417401.5,0.9894928500706234
NE,2005,2393767.9,24749.0,2418516.9,0.9897668691089154
NE,2006,2441879.0,22867.0,2464746.0,0.9907223705809848
NE,2007,2509801.1,20590.0,2530391.1,0.9918629179497194
NE,2008,2605821.9,21370.7,2627192.6,0.9918655754435362
NE,2009,2605610.3,24456.4,2630066.6999999997,0.9907012244214187
NE,2010,2839262.9,32120.8,2871383.6999999997,0.9888134769310003
NE,2011,2899600.6,30784.1,2930384.7,0.9894948605212142
NE,2012,2822289.2,29044.9,2851334.1,0.9898135753365416
NE,2013,2946189.6,33415.8,2979605.4,0.9887851592697476
NE,2014,2916337.1,40418.4,2956755.5,0.9863301514108962
NE,2015,2855474.3,46141.1,2901615.4,0.9840981337499104
NE,2016,2776348.0,45848.9,2822196.9,0.9837541810070021
NE,2017,2774291.5,57984.3,2832275.8,0.9795273115704339
NE,2018,2977803.6,63416.1,3041219.7,0.979147807045969
NE,2019,2928744.0,75601.7,3004345.7,0.9748358852311836
NH,2000,1088435.6,58524.0,1146959.6,0.948974663100601
NH,2001,1058721.6,47012.0,1105733.6,0.957483430005202
NH,2002,1115211.7,42580.0,1157791.7,0.9632230909929653
NH,2003,1297091.5,42409.0,1339500.5,0.9683396908026537
NH,2004,1353060.8,52533.0,1405593.8,0.9626257600168697
NH,2005,1305965.8,58957.0,1364922.8,0.9568056156729157
NH,2006,1181227.9,46384.0,1227611.9,0.9622160717080048
NH,2007,1165042.9,53312.0,1218354.9,0.9562426350482934
NH,2008,1164884.4,58888.0,1223772.4,0.9518799410740102
NH,2009,1074744.0,68939.7,1143683.7,0.9397213582741453
NH,2010,1061182.2,70893.0,1132075.2,0.9373778349706804
NH,2011,1067441.0,71493.4,1138934.4,0.9372278157547969
NH,2012,977530.0,71562.5,1049092.5,0.9317862819532119
NH,2013,968348.9,83576.0,1051924.9,0.9205494612780818
NH,2014,1032544.0,89156.5,1121700.5,0.9205166619788437
NH,2015,1045616.4,102141.3,1147757.7,0.9110079592582999
NH,2016,963497.5,93101.8,1056599.3,0.9118854233577478
NH,2017,976555.8,97425.7,1073981.5,0.9092854951412106
NH,2018,1005016.4,90952.4,1095968.8,0.9170118711408572
NH,2019,991496.0,89776.6,1081272.6,0.9169713539397927
NJ,2000,8814631.6,80957.0,8895588.6,0.9908991969345345
NJ,2001,8633622.6,58350.0,8691972.6,0.9932869093489779
NJ,2002,8548347.5,57969.0,8606316.5,0.9932643657713495
NJ,2003,8527259.3,53876.0,8581135.3,0.9937215766776222
NJ,2004,8653456.7,54800.0,8708256.7,0.9937071216561634
NJ,2005,9012621.1,39978.0,9052599.1,0.995583809737029
NJ,2006,8557787.1,43924.0,8601711.1,0.9948935741401499
NJ,2007,9200349.6,41300.0,9241649.6,0.9955311008545488
NJ,2008,8947573.1,46700.7,8994273.799999999,0.994807729780252
NJ,2009,7996990.0,67302.8,8064292.8,0.9916542216820302
NJ,2010,7417295.6,72939.3,7490234.899999999,0.990262081099753
NJ,2011,7511234.1,73180.0,7584414.1,0.9903512652348452
NJ,2012,7087845.7,76387.6,7164233.3,0.9893376448251623
NJ,2013,7243991.1,86497.6,7330488.699999999,0.9882002955682887
NJ,2014,7541791.2,92457.3,7634248.5,0.9878891419371534
NJ,2015,7454141.7,71501.4,7525643.100000001,0.9904989647994336
NJ,2016,7532005.2,72636.2,7604641.4,0.9904484385023072
NJ,2017,7181605.1,69665.7,7251270.8,0.9903926219387641
NJ,2018,7583701.3,73503.9,7657205.2,0.9904006882302174
NJ,2019,7350651.1,72598.0,7423249.1,0.9902201853902491
NM,2000,3111315.5,13722.0,3125037.5,0.9956090126918477
NM,2001,3118728.2,10872.0,3129600.2,0.9965260738416364
NM,2002,2979877.2,10858.0,2990735.2,0.9963694545742465
NM,2003,3064639.6,10585.0,3075224.6,0.9965579749849816
NM,2004,3139134.1,12770.0,3151904.1,0.9959484807929276
NM,2005,3139563.9,30778.0,3170341.9,0.9902918988011987
NM,2006,3209629.2,32792.0,3242421.2,0.9898865699496413
NM,2007,3219047.7,36467.0,3255514.7,0.9887983918487605
NM,2008,3073606.4,40426.9,3114033.3,0.9870178331105194
NM,2009,3025512.1,32461.5,3057973.6,0.9893846369373496
NM,2010,2935835.5,35510.9,2971346.4,0.9880488858518819
NM,2011,3044693.1,36380.0,3081073.1,0.9881924255545901
NM,2012,2977100.7,36580.2,3013680.9000000004,0.9878619531351178
NM,2013,2970678.5,40437.2,3011115.7,0.9865706920527829
NM,2014,2909685.3,42473.9,2952159.1999999997,0.9856125983991649
NM,2015,2913730.1,44932.0,2958662.1,0.9848134060324091
NM,2016,2847577.6,57569.0,2905146.6,0.9801837883155363
NM,2017,2900365.2,66173.6,2966538.8000000003,0.9776933306923206
NM,2018,2869122.3,84557.1,2953679.4,0.9713722823133749
NM,2019,3035969.7,95664.1,3131633.8000000003,0.969452335071872
NV,2000,2526601.9,39451.0,2566052.9,0.9846258040900092
NV,2001,2484903.6,37098.0,2522001.6,0.9852902551687517
NV,2002,2369555.6,34654.0,2404209.6,0.9855861152871197
NV,2003,2462582.0,30951.0,2493533.0,0.9875874913225532
NV,2004,2720267.9,31923.0,2752190.9,0.9884008772792614
NV,2005,2862840.8,31808.0,2894648.8,0.9890114476063555
NV,2006,2682830.9,34363.0,2717193.9,0.9873534972973405
NV,2007,2677562.5,34580.0,2712142.5,0.9872499324795803
NV,2008,2596000.8,35713.8,2631714.5999999996,0.9864294555344262
NV,2009,2474837.5,41736.0,2516573.5,0.9834155449860693
NV,2010,2734330.1,44008.2,2778338.3000000003,0.9841602442726286
NV,2011,2547399.5,44781.5,2592181.0,0.9827243930882913
NV,2012,2561835.3,50311.0,2612146.3,0.9807395933374788
NV,2013,2657032.2,58244.9,2715277.1,0.9785491874844008
NV,2014,2686588.4,59541.9,2746130.3,0.9783178897228584
NV,2015,2647136.8,66774.9,2713911.6999999997,0.9753953306586947
NV,2016,2804425.0,79194.1,2883619.1,0.9725365600470602
NV,2017,2864488.4,86725.4,2951213.8,0.9706136505596443
NV,2018,2912994.2,94678.5,3007672.7,0.9685210096165051
NV,2019,2935436.8,103352.8,3038789.5999999996,0.9659888266038558
NY,2000,13719701.8,521149.0,14240850.8,0.9634046443348736
NY,2001,13600871.4,382713.0,13983584.4,0.9726312661294482
NY,2002,13254624.6,389171.0,13643795.6,0.9714763390328128
NY,2003,13990964.9,389579.0,14380543.9,0.9729093000439295
NY,2004,14369100.2,400718.0,14769818.2,0.9728691311853791
NY,2005,13943899.8,391533.0,14335432.8,0.9726877447327575
NY,2006,12922523.2,394618.0,13317141.2,0.9703676641950751
NY,2007,13326041.6,390432.0,13716473.6,0.971535541030021
NY,2008,12937328.5,416931.6,13354260.1,0.968779131387444
NY,2009,11980674.7,350576.9,12331251.6,0.9715700472772771
NY,2010,12922025.7,350472.8,13272498.5,0.973594059927752
NY,2011,12490750.5,377426.9,12868177.4,0.9706697469060381
NY,2012,12153545.2,350144.4,12503689.6,0.9719967136740182
NY,2013,12300746.4,371425.6,12672172.0,0.9706896655127472
NY,2014,12846026.9,390310.1,13236337.0,0.9705122270610064
NY,2015,12897878.0,422180.0,13320058.0,0.9683049428163151
NY,2016,12592413.6,418683.6,13011097.2,0.9678210381826984
NY,2017,12404389.1,447673.9,12852063.0,0.9651671564323953
NY,2018,13087505.2,454260.5,13541765.7,0.966454854554159
NY,2019,12721791.8,463582.6,13185374.4,0.9648411500548669
OH,2000,14528081.6,151618.0,14679699.6,0.9896715870125844
OH,2001,14046688.6,96068.0,14142756.6,0.9932072648411414
OH,2002,14231867.5,70734.0,14302601.5,0.9950544661403032
OH,2003,14606422.3,90407.0,14696829.3,0.9938485371126955
OH,2004,14451484.4,94362.0,14545846.4,0.9935127872655111
OH,2005,14549524.5,103239.0,14652763.5,0.9929542983478851
OH,2006,14206456.3,103412.0,14309868.3,0.9927733786340996
OH,2007,14578077.6,109285.0,14687362.6,0.9925592495415072
OH,2008,14312703.2,118389.8,14431093.0,0.9917962000522067
OH,2009,12931736.1,113863.4,13045599.5,0.9912718921043069
OH,2010,13139350.9,133265.0,13272615.9,0.9899594020497496
OH,2011,12765043.0,133866.3,12898909.3,0.9896218899686348
OH,2012,12071152.3,133129.2,12204281.5,0.9890915987147626
OH,2013,12694096.9,150758.2,12844855.1,0.9882631451405007
OH,2014,13039576.9,151237.0,13190813.9,0.988534672602727
OH,2015,12370623.6,144607.4,12515231.0,0.9884454869430696
OH,2016,12047769.0,138481.0,12186250.0,0.988636290901631
OH,2017,12053020.1,129720.7,12182740.799999999,0.9893520922648211
OH,2018,12652219.5,134093.2,12786312.7,0.9895127545253919
OH,2019,12208787.6,136583.5,12345371.1,0.9889364605653693
OK,2000,5867272.4,63926.0,5931198.4,0.9892220769414829
OK,2001,6092226.5,64381.0,6156607.5,0.9895427798507539
OK,2002,5971700.2,55002.0,6026702.2,0.9908736157562257
OK,2003,6089186.3,59073.0,6148259.3,0.9903919146676198
OK,2004,5818024.9,77270.0,5895294.9,0.9868929372812206
OK,2005,6243632.3,76871.0,6320503.3,0.9878378356356526
OK,2006,6506432.7,70282.0,6576714.7,0.9893135093726964
OK,2007,6548546.4,85025.0,6633571.4,0.9871826208126742
OK,2008,6730241.1,68724.0,6798965.1,0.9898919910619927
OK,2009,6322878.0,80712.4,6403590.4,0.9873957584794929
OK,2010,6390164.0,107390.0,6497554.0,0.9834722420159956
OK,2011,6376492.100000001,110827.8,6487319.9,0.9829162424994643
OK,2012,6380729.9,129006.9,6509736.800000001,0.9801824706645589
OK,2013,6268607.6,161961.7,6430569.3,0.9748137851496289
OK,2014,6440970.0,159077.7,6600047.7,0.9758974923772141
OK,2015,6312004.1,175235.2,6487239.3,0.9729877083461372
OK,2016,6196178.4,221247.1,6417425.5,0.9655240095892037
OK,2017,6183398.5,249550.2,6432948.7,0.9612074941620473
OK,2018,6563643.9,281162.1,6844806.0,0.9589232916170305
OK,2019,6309822.7,302303.0,6612125.7,0.9542805122413205
OR,2000,2935005.1,356278.0,3291283.1,0.8917510316873076
OR,2001,2793686.0,303676.0,3097362.0,0.9019565682022315
OR,2002,2757910.0,332381.0,3090291.0,0.8924434624441517
OR,2003,2734530.2,318141.0,3052671.2,0.8957827492197653
OR,2004,2851595.6,325725.0,3177320.6,0.8974843772454061
OR,2005,2888424.1,312450.0,3200874.1,0.9023860388635717
OR,2006,2887754.7,363136.0,3250890.7,0.8882964597979255
OR,2007,3015454.1,340812.0,3356266.1,0.8984550122530511
OR,2008,2985320.8,342845.5,3328166.3,0.8969866680039396
OR,2009,2880371.1,355880.1,3236251.2,0.8900332273341451
OR,2010,2806090.9,354555.2,3160646.1,0.8878219234984897
OR,2011,2632724.4,436005.2,3068729.6,0.8579199679241859
OR,2012,2622024.9,434410.8,3056435.6999999997,0.857870132847879
OR,2013,2725111.2,420794.1,3145905.3000000003,0.8662406970737485
OR,2014,2684059.3,437342.6,3121401.9,0.859889045367724
OR,2015,2686325.2,419764.1,3106089.3000000003,0.8648576845488634
OR,2016,2701762.3,439254.0,3141016.3,0.8601554535071977
OR,2017,2792361.2,472181.3,3264542.5,0.8553606516073845
OR,2018,2836123.1,466959.7,3303082.8000000003,0.8586291267055127
OR,2019,2934725.2,429314.6,3364039.8000000003,0.8723812363932198
PA,2000,15181592.9,196888.0,15378480.9,0.9871971749823483
PA,2001,14699382.9,169403.0,14868785.9,0.9886068034646999
PA,2002,14854521.7,163507.0,15018028.7,0.9891126190216962
PA,2003,15114656.0,174609.0,15289265.0,0.9885796341419943
PA,2004,15327129.8,176281.0,15503410.8,0.9886295343473709
PA,2005,15383917.5,176652.0,15560569.5,0.9886474592077109
PA,2006,14986858.9,174273.0,15161131.9,0.9885052777622758
PA,2007,15151830.9,177127.0,15328957.9,0.9884449418443507
PA,2008,15035938.3,190515.9,15226454.200000001,0.9874878354804364
PA,2009,13608346.3,208355.9,13816702.200000001,0.9849199977690769
PA,2010,14183996.4,237767.4,14421763.8,0.9835132925974006
PA,2011,14071997.2,268443.3,14340440.5,0.9812806796276585
PA,2012,13739176.8,254261.9,13993438.700000001,0.9818299200467431
PA,2013,14450665.6,293644.5,14744310.1,0.9800842156731362
PA,2014,14870996.2,286568.3,15157564.5,0.9810940405366574
PA,2015,14214845.3,299106.5,14513951.8,0.979391794590361
PA,2016,13455044.9,288060.6,13743105.5,0.9790396282703353
PA,2017,13528048.6,294370.9,13822419.5,0.9787033738919586
PA,2018,14080028.9,309661.7,14389690.6,0.9784803086732109
PA,2019,14145054.1,288262.0,14433316.1,0.9800280131050411
RI,2000,822954.9,9009.0,831963.9,0.9891714051535169
RI,2001,855524.6,7785.0,863309.6,0.9909823775850518
RI,2002,817873.3,7378.0,825251.3,0.9910596929686751
RI,2003,823593.2,7521.0,831114.2,0.9909507020816153
RI,2004,787922.4,7642.0,795564.4,0.9903942408684954
RI,2005,798816.2,1692.0,800508.2,0.9978863427007993
RI,2006,743418.6,5182.0,748600.6,0.9930777506723879
RI,2007,773171.1,5510.0,778681.1,0.9929239325315589
RI,2008,774661.1,5869.0,780530.1,0.9924807512227908
RI,2009,813146.8,7077.0,820223.8,0.9913718670440921
RI,2010,798856.1,7401.8,806257.9,0.9908195628222681
RI,2011,785732.2,7319.2,793051.3999999999,0.9907708378044602
RI,2012,752796.7,5819.5,758616.2,0.9923287955095079
RI,2013,744796.6,5264.9,750061.5,0.9929807089152023
RI,2014,784412.6,8560.8,792973.4,0.9892041775928423
RI,2015,794064.5,9297.3,803361.8,0.9884270076072822
RI,2016,688354.3,8570.1,696924.4,0.9877029703652218
RI,2017,713450.1,9462.0,722912.1,0.9869112717853249
RI,2018,791897.4,10019.0,801916.4,0.9875061789483293
RI,2019,739994.1,12533.5,752527.6,0.9833447969217342
SC,2000,4329330.4,164262.0,4493592.4,0.9634452826651567
SC,2001,4286793.5,124359.0,4411152.5,0.9718080478967798
SC,2002,4374846.9,142673.0,4517519.9,0.9684178480320584
SC,2003,4362947.1,158614.0,4521561.1,0.9649205226929257
SC,2004,4819922.6,162802.0,4982724.6,0.9673267111732404
SC,2005,4713286.3,169996.0,4883282.3,0.9651881686217485
SC,2006,4763754.8,174035.0,4937789.8,0.9647544737526089
SC,2007,4709124.7,170248.0,4879372.7,0.9651086296400355
SC,2008,4584086.9,170271.0,4754357.9,0.9641863310290544
SC,2009,4453765.9,177209.0,4630974.9,0.9617339752802374
SC,2010,4644874.9,201357.0,4846231.9,0.958450812062873
SC,2011,4446118.6,214022.0,4660140.6,0.9540739178556115
SC,2012,4166991.5,219766.0,4386757.5,0.9499024051363678
SC,2013,4088107.2,230293.0,4318400.2,0.9466716864268393
SC,2014,4233029.5,243061.0,4476090.5,0.9456979254552605
SC,2015,4338136.2,227269.0,4565405.2,0.950219314596654
SC,2016,4350067.9,224965.0,4575032.9,0.9508276760151824
SC,2017,4275390.9,231242.0,4506632.9,0.9486885208688731
SC,2018,4505853.8,239616.0,4745469.8,0.9495063692113266
SC,2019,4369631.4,240577.0,4610208.4,0.9478164587960926
SD,2000,916903.4,43858.0,960761.4,0.9543507888639157
SD,2001,861895.8,28471.0,890366.8,0.968023291075094
SD,2002,906124.2,34647.0,940771.2,0.963171704235844
SD,2003,892841.4,34914.0,927755.4,0.9623672360193215
SD,2004,889407.4,31340.0,920747.4,0.9659624344309851
SD,2005,903857.7,27600.0,931457.7,0.9703690248091781
SD,2006,894654.4,29625.0,924279.4,0.9679480036015083
SD,2007,948423.3,26813.0,975236.3,0.9725061505606385
SD,2008,995003.1,29401.8,1024404.9,0.9712986534914075
SD,2009,993341.4,42518.1,1035859.5,0.9589537963401408
SD,2010,1029181.6,55601.4,1084783.0,0.9487442188898609
SD,2011,1012992.5,75282.5,1088275.0,0.9308240104752935
SD,2012,1032926.2,67713.8,1100640.0,0.9384777947376072
SD,2013,1062426.7,58104.8,1120531.5,0.948145322108303
SD,2014,1068146.4,65390.6,1133537.0,0.9423127784977463
SD,2015,1029039.3,62523.3,1091562.6,0.9427212878125358
SD,2016,1039647.6,70052.8,1109700.4,0.936872330585805
SD,2017,1036437.0,67816.3,1104253.3,0.9385862826943782
SD,2018,1092539.1,76159.2,1168698.3,0.9348341654984867
SD,2019,1117521.0,86733.0,1204254.0,0.9279778186329463
TN,2000,6942333.4,151343.0,7093676.4,0.9786650826079408
TN,2001,6940218.7,177785.0,7118003.7,0.9750231936518943
TN,2002,6967502.8,184013.0,7151515.8,0.974269370977269
TN,2003,6998246.8,201968.0,7200214.8,0.9719497257220715
TN,2004,7037555.9,217123.0,7254678.9,0.9700713149413133
TN,2005,7185975.4,196605.0,7382580.4,0.97336906754175
TN,2006,7224483.9,169925.0,7394408.9,0.9770197993784195
TN,2007,7161385.1,147344.0,7308729.1,0.9798399970796564
TN,2008,6828046.4,172082.6,7000129.0,0.9754172244540066
TN,2009,5869969.5,181223.3,6051192.8,0.970051640066732
TN,2010,6278824.9,182107.9,6460932.800000001,0.9718139925553784
TN,2011,6158799.0,186272.8,6345071.8,0.9706429169170316
TN,2012,5853479.8,187159.6,6040639.399999999,0.9690165911906611
TN,2013,5874034.0,221557.3,6095591.3,0.9636528617002259
TN,2014,6153963.2,199099.1,6353062.3,0.9686609243545432
TN,2015,6051040.2,201570.0,6252610.2,0.9677622635103657
TN,2016,6173312.0,176723.8,6350035.8,0.9721696372168485
TN,2017,5994950.4,178785.0,6173735.4,0.9710410329538904
TN,2018,6065857.8,196814.1,6262671.899999999,0.9685734614326516
TN,2019,6079011.5,186540.9,6265552.4,0.9702275413098452
TX,2000,48661914.8,175295.0,48837209.8,0.9964106262270536
TX,2001,48247749.8,161181.0,48408930.8,0.9966704284243353
TX,2002,49208678.2,192154.0,49400832.2,0.9961103084413222
TX,2003,48416278.1,185790.0,48602068.1,0.9961773231620982
TX,2004,48646096.7,184496.0,48830592.7,0.996221712868949
TX,2005,46129883.9,203268.0,46333151.9,0.9956129036841976
TX,2006,46609669.9,210757.0,46820426.9,0.9954986100308282
TX,2007,46106952.7,247566.0,46354518.7,0.9946592908967039
TX,2008,43582354.8,332175.2,43914530.0,0.9924358703144494
TX,2009,41449590.0,289481.4,41739071.4,0.9930644983155998
TX,2010,43806547.5,377760.1,44184307.6,0.9914503560082947
TX,2011,44915383.2,414828.3,45330211.5,0.9908487455435765
TX,2012,45422053.8,426724.0,45848777.8,0.9906927944325704
TX,2013,47966110.2,462969.6,48429079.800000004,0.9904402561041434
TX,2014,47988590.8,492719.9,48481310.699999996,0.9898369104942536
TX,2015,48549909.2,507983.6,49057892.800000004,0.9896452217776464
TX,2016,48825297.4,602977.6,49428275.0,0.9878009580548784
TX,2017,49223016.4,679299.2,49902315.6,0.9863874212682827
TX,2018,52646504.8,762828.3,53409333.099999994,0.9857173221284803
TX,2019,53302215.0,822850.8,54125065.8,0.9847972323388844
UT,2000,3404230.0,19199.0,3423429.0,0.9943918801879635
UT,2001,3268163.0,13107.0,3281270.0,0.9960055100616529
UT,2002,3174351.3,13265.0,3187616.3,0.9958385832071445
UT,2003,3251814.5,12750.0,3264564.5,0.9960944254585872
UT,2004,3367540.0,13263.0,3380803.0,0.9960769675133393
UT,2005,3483064.6,15130.0,3498194.6,0.9956749118531028
UT,2006,3633193.1,14904.0,3648097.1,0.9959145824270961
UT,2007,3702418.5,13702.0,3716120.5,0.9963128213953234
UT,2008,3631326.5,16672.5,3647999.0,0.9954296862471728
UT,2009,3394761.6,16866.2,3411627.8000000003,0.9950562602403462
UT,2010,3357361.2,18438.8,3375800.0,0.9945379465608153
UT,2011,3462375.3,23138.0,3485513.3,0.9933616664151016
UT,2012,3346130.5,20463.5,3366594.0,0.9939216014761507
UT,2013,3568210.2,18538.4,3586748.6,0.9948314191856101
UT,2014,3512135.9,22005.8,3534141.6999999997,0.9937733679439057
UT,2015,3445531.6,26883.2,3472414.8000000003,0.9922580677861411
UT,2016,3337200.2,37679.6,3374879.8000000003,0.9888352764445122
UT,2017,3349964.8,50112.4,3400077.1999999997,0.9852613934765952
UT,2018,3519268.9,49681.1,3568950.0,0.9860796312640973
UT,2019,3536103.2,49075.2,3585178.4000000004,0.9863116435154244
VA,2000,7105500.0,218653.0,7324153.0,0.970146309068093
VA,2001,6974313.2,171915.0,7146228.2,0.9759432535333814
VA,2002,6888070.7,142799.0,7030869.7,0.9796897103639967
VA,2003,7275832.7,185187.0,7461019.7,0.9751793980653878
VA,2004,7663258.4,201641.0,7864899.4,0.974361909829387
VA,2005,7812183.6,235220.0,8047403.6,0.9707706967747958
VA,2006,7530183.7,221242.0,7751425.7,0.9714578958036069
VA,2007,7743934.8,218844.0,7962778.8,0.9725166294962256
VA,2008,7109602.0,224076.0,7333678.0,0.9694456178741417
VA,2009,6568319.0,213494.0,6781813.0,0.968519627421163
VA,2010,7008038.5,204695.0,7212733.5,0.9716203295186214
VA,2011,6594047.5,196970.0,6791017.5,0.9709955098775699
VA,2012,6508406.4,194260.0,6702666.4,0.9710175043173863
VA,2013,6777286.6,223533.0,7000819.6,0.9680704527795574
VA,2014,6970814.8,252008.0,7222822.8,0.9651094860031731
VA,2015,7080467.6,252042.0,7332509.6,0.9656267753130524
VA,2016,7266393.8,241728.0,7508121.8,0.9678044647597486
VA,2017,7170107.7,237064.0,7407171.7,0.9679953415957673
VA,2018,7531693.6,262234.0,7793927.6,0.9663540626166452
VA,2019,7529786.6,241328.0,7771114.6,0.9689455100816554
VT,2000,486394.8,26133.0,512527.8,0.9490115463005129
VT,2001,483841.8,22362.0,506203.8,0.9558241166897601
VT,2002,457453.9,30298.0,487751.9,0.937882353713025
VT,2003,477208.6,32527.0,509735.6,0.9361884867370457
VT,2004,523386.9,28359.0,551745.9,0.9486013398559011
VT,2005,494198.5,32661.0,526859.5,0.93800814069026
VT,2006,482921.7,35410.0,518331.7,0.9316846721896422
VT,2007,474430.9,28861.0,503291.9,0.9426555444266042
VT,2008,431177.2,34949.4,466126.60000000003,0.9250216572064327
VT,2009,472809.6,44417.4,517227.0,0.9141239726464395
VT,2010,450045.2,47858.5,497903.7,0.9038800073186843
VT,2011,448443.4,42981.6,491425.0,0.9125368062267895
VT,2012,419233.4,37477.8,456711.2,0.9179398271818164
VT,2013,441329.2,47920.4,489249.60000000003,0.9020532668805452
VT,2014,454163.9,47230.6,501394.5,0.9058015195619418
VT,2015,476613.2,59697.9,536311.1,0.8886879275853139
VT,2016,455865.5,54301.6,510167.1,0.8935611488863159
VT,2017,452256.9,55473.5,507730.4,0.8907422127963974
VT,2018,453388.8,62664.4,516053.2,0.8785698838801891
VT,2019,462690.7,60982.7,523673.4,0.8835482191763033
WA,2000,5856895.0,728359.0,6585254.0,0.8893954583984156
WA,2001,5456506.6,560835.0,6017341.6,0.9067968818655733
WA,2002,5009172.3,713923.0,5723095.3,0.8752557903412861
WA,2003,5030576.3,687370.0,5717946.3,0.8797872585826838
WA,2004,5205669.2,680941.0,5886610.2,0.88432374883596
WA,2005,5329194.5,660195.0,5989389.5,0.8897725719791642
WA,2006,5415679.6,776764.0,6192443.6,0.874562604009829
WA,2007,5669891.7,715372.0,6385263.7,0.8879651595281804
WA,2008,5579441.7,713887.4,6293329.100000001,0.886564425813994
WA,2009,5333049.7,696384.5,6029434.2,0.8845025126901626
WA,2010,4976841.0,719857.0,5696698.0,0.8736360958576355
WA,2011,4835191.6,885261.5,5720453.1,0.8452462620487178
WA,2012,4772278.6,865311.4,5637590.0,0.8465104060422981
WA,2013,5043856.2,804329.5,5848185.7,0.8624651231577684
WA,2014,4991251.8,816410.3,5807662.1,0.8594253098850224
WA,2015,5259881.3,783011.3,6042892.6,0.8704244222377873
WA,2016,5544505.6,842141.8,6386647.399999999,0.8681402389616812
WA,2017,5530739.1,850814.7,6381553.8,0.8666759340021547
WA,2018,5539766.6,847200.3,6386966.899999999,0.8673548316024622
WA,2019,5824940.5,741578.8,6566519.3,0.8870666838670527
WI,2000,6136414.2,199612.0,6336026.2,0.9684957110814978
WI,2001,6042741.0,213941.0,6256682.0,0.9658059974919614
WI,2002,6111775.7,163552.0,6275327.7,0.9739372973303052
WI,2003,5963902.1,183946.0,6147848.1,0.9700796120841046
WI,2004,6112485.5,160725.0,6273210.5,0.9743791476469664
WI,2005,6229712.0,218362.0,6448074.0,0.9661353142039003
WI,2006,5892732.6,208348.0,6101080.6,0.9658506396391485
WI,2007,5971886.1,198143.0,6170029.1,0.967886213048817
WI,2008,6009167.5,203978.5,6213146.0,0.967169852438684
WI,2009,5514298.4,185341.9,5699640.300000001,0.9674818251249995
WI,2010,5609862.9,233799.8,5843662.7,0.9599908803771307
WI,2011,5603293.1,230383.8,5833676.899999999,0.960507960254021
WI,2012,5316939.4,220718.2,5537657.600000001,0.9601423172136897
WI,2013,5799363.0,233948.1,6033311.1,0.9612239289301691
WI,2014,5964206.4,233094.7,6197301.100000001,0.9623877077716944
WI,2015,5830523.4,243673.7,6074197.100000001,0.9598838009388928
WI,2016,5680872.6,235027.0,5915899.6,0.9602719762181224
WI,2017,5792613.1,231827.5,6024440.6,0.9615188337984443
WI,2018,6074748.3,240188.6,6314936.899999999,0.9619650039575218
WI,2019,5912439.1,237517.0,6149956.1,0.9613790739091618
WV,2000,4805474.7,20722.0,4826196.7,0.9957063498883085
WV,2001,4499900.8,17813.0,4517713.8,0.9960570764797009
WV,2002,4985492.4,17376.0,5002868.4,0.996526792509673
WV,2003,4737059.2,21649.0,4758708.2,0.9954506561255426
WV,2004,4701003.9,21389.0,4722392.9,0.9954707284097433
WV,2005,4736749.0,37512.0,4774261.0,0.9921428677652939
WV,2006,4764027.7,35655.0,4799682.7,0.9925713839375258
WV,2007,4841046.7,35195.0,4876241.7,0.9927823512111797
WV,2008,4715504.8,39242.3,4754747.1,0.9917467114076373
WV,2009,3838651.1999999997,62310.7,3900961.9,0.9840268370731844
WV,2010,4254110.9,64926.4,4319037.300000001,0.98496739076553
WV,2011,4172382.1,64745.6,4237127.7,0.9847194598359639
WV,2012,3982396.8,59112.1,4041508.9,0.985373754836962
WV,2013,4078646.0,72327.1,4150973.1,0.9825758687764081
WV,2014,4298302.0,69454.4,4367756.4,0.9840983805781842
WV,2015,4041465.3000000003,45612.9,4087078.2,0.9888397290758959
WV,2016,4144837.9,45662.6,4190500.5,0.9891033063950236
WV,2017,4020261.2,46734.0,4066995.2,0.9885089611121253
WV,2018,4130733.8000000003,52423.4,4183157.2,0.9874679823172794
WV,2019,4008345.7,49641.1,4057986.8000000003,0.987767062228985
WY,2000,2839919.2,13297.0,2853216.2,0.9953396451344977
WY,2001,2871031.0,12388.0,2883419.0,0.9957037114619831
WY,2002,2828023.1,10761.0,2838784.1,0.9962092925629674
WY,2003,2935181.4,10475.0,2945656.4,0.9964439165409787
WY,2004,2890354.5,12236.0,2902590.5,0.9957844552994989
WY,2005,2873679.6,17542.0,2891221.6,0.9939326684609716
WY,2006,2956212.5,17225.0,2973437.5,0.9942070415133999
WY,2007,3121237.5,16681.0,3137918.5,0.9946840556885082
WY,2008,3159885.1,19785.9,3179671.0,0.9937773750806295
WY,2009,3021483.6,27419.1,3048902.7,0.9910068956939819
WY,2010,3100415.7,35377.3,3135793.0,0.9887182285310288
WY,2011,3099944.6,46162.2,3146106.8000000003,0.9853271986825113
WY,2012,3177374.1,41810.3,3219184.4,0.9870121450638243
WY,2013,3201760.8,41656.9,3243417.6999999997,0.9871564800303088
WY,2014,3120321.7,42580.7,3162902.4000000004,0.9865374600240588
WY,2015,2959612.6,44722.5,3004335.1,0.985114010750665
WY,2016,2865241.5,48700.1,2913941.6,0.9832872079522801
WY,2017,2983055.2,50626.2,3033681.4000000004,0.9833119588629181
WY,2018,3087247.3,47750.1,3134997.4,0.9847686955019483
WY,2019,2907712.5,49914.0,2957626.5,0.983123629707808
