YEAR,STATE,Non-Renewable,Renewable,Total
2000,AK,5154706.0,1001819.0,6156525.0
2000,AL,114511544.0,9893796.0,124405340.0
2000,AR,39911247.0,3964519.0,43875766.0
2000,AZ,80587778.0,8358799.0,88946577.0
2000,CA,147245036.0,60837447.0,208082483.0
2000,CO,42693217.0,1472329.0,44165546.0
2000,CT,30288123.0,2679447.0,32967570.0
2000,DE,5968613.0,18838.0,5987451.0
2000,FL,186038725.0,5777115.0,191815840.0
2000,GA,118291817.0,5585596.0,123877413.0
2000,HI,9672540.0,920863.0,10593403.0
2000,IA,40055618.0,1486392.0,41542010.0
2000,ID,460489.0,11449953.0,11910442.0
2000,IL,177443862.0,1052219.0,178496081.0
2000,IN,127101358.0,718158.0,127819516.0
2000,KS,44800573.0,15332.0,44815905.0
2000,KY,90669222.0,2336861.0,93006083.0
2000,LA,89540893.0,3324742.0,92865635.0
2000,MA,35435904.0,3261977.0,38697881.0
2000,MD,48594351.0,2551029.0,51145380.0
2000,ME,6635264.0,7412683.0,14047947.0
2000,MI,99892321.0,4317273.0,104209594.0
2000,MN,48447862.0,2975477.0,51423339.0
2000,MO,75911166.0,682773.0,76593939.0
2000,MS,35934259.0,1680304.0,37614563.0
2000,MT,16781648.0,9670180.0,26451828.0
2000,NC,117362973.0,4911383.0,122274356.0
2000,ND,29180660.0,2130536.0,31311196.0
2000,NE,27592625.0,1517238.0,29109863.0
2000,NH,12497627.0,2533872.0,15031499.0
2000,NJ,56706865.0,1378350.0,58085215.0
2000,NM,33792404.0,229616.0,34022020.0
2000,NV,31684656.0,3800259.0,35484915.0
2000,NY,110287221.0,27791854.0,138079075.0
2000,OH,147829841.0,1230439.0,149060280.0
2000,OK,53146837.0,2425120.0,55571957.0
2000,OR,12970989.0,38818986.0,51789975.0
2000,PA,196667285.0,5020695.0,201687980.0
2000,RI,5851439.0,120106.0,5971545.0
2000,SC,90393017.0,2953223.0,93346240.0
2000,SD,3981829.0,5715508.0,9697337.0
2000,TN,88642726.0,7195858.0,95838584.0
2000,TX,375142795.0,2599570.0,377742365.0
2000,UT,35701996.0,907078.0,36609074.0
2000,VA,74333287.0,2856083.0,77189370.0
2000,VT,4722152.0,1580862.0,6303014.0
2000,WA,26482426.0,81754454.0,108236880.0
2000,WI,56505133.0,3139284.0,59644417.0
2000,WV,91699841.0,1165335.0,92865176.0
2000,WY,44237334.0,1256946.0,45494280.0
2001,AK,5397151.0,1346615.0,6743766.0
2001,AL,112799367.0,12545746.0,125345113.0
2001,AR,43131788.0,4060247.0,47192035.0
2001,AZ,82248270.0,7663002.0,89911272.0
2001,CA,151424683.0,47171392.0,198596075.0
2001,CO,45268462.0,1607540.0,46876002.0
2001,CT,29295349.0,1195297.0,30490646.0
2001,DE,6807684.0,,6807684.0
2001,FL,187007869.0,3937475.0,190945344.0
2001,GA,112717608.0,5599181.0,118316789.0
2001,HI,10035921.0,597172.0,10633093.0
2001,IA,39221746.0,1436766.0,40658512.0
2001,ID,1590480.0,7756461.0,9346941.0
2001,IL,178426689.0,822596.0,179249285.0
2001,IN,121884401.0,685272.0,122569673.0
2001,KS,44683129.0,65394.0,44748523.0
2001,KY,91552565.0,3865061.0,95417626.0
2001,LA,84457871.0,3436506.0,87894377.0
2001,MA,36463142.0,2015292.0,38478434.0
2001,MD,47505807.0,1556533.0,49062340.0
2001,ME,13093973.0,6470848.0,19564821.0
2001,MI,107922024.0,3923586.0,111845610.0
2001,MN,45714495.0,2808731.0,48523226.0
2001,MO,78431940.0,1112933.0,79544873.0
2001,MS,52014335.0,1432117.0,53446452.0
2001,MT,17553586.0,6678899.0,24232485.0
2001,NC,113148855.0,4346995.0,117495850.0
2001,ND,28992331.0,1339741.0,30332072.0
2001,NE,29341797.0,1143415.0,30485212.0
2001,NH,13058424.0,2016200.0,15074624.0
2001,NJ,58559626.0,861634.0,59421260.0
2001,NM,33355671.0,255972.0,33611643.0
2001,NV,30162371.0,3713595.0,33875966.0
2001,NY,119029532.0,24885027.0,143914559.0
2001,OH,141320061.0,941746.0,142261807.0
2001,OK,52674064.0,2575386.0,55249450.0
2001,OR,15567826.0,29484080.0,45051906.0
2001,PA,193030391.0,3546200.0,196576591.0
2001,RI,7395133.0,106759.0,7501892.0
2001,SC,87039390.0,2119597.0,89158987.0
2001,SD,3968007.0,3432736.0,7400743.0
2001,TN,88453422.0,7768554.0,96221976.0
2001,TX,369198725.0,3381277.0,372580002.0
2001,UT,35187107.0,666643.0,35853750.0
2001,VA,71343454.0,2761296.0,74104750.0
2001,VT,4213860.0,1266754.0,5480614.0
2001,WA,27093443.0,55955226.0,83048669.0
2001,WI,55604977.0,3158454.0,58763431.0
2001,WV,80869255.0,967470.0,81836725.0
2001,WY,43532668.0,1244270.0,44776938.0
2002,AK,5315819.0,1451506.0,6767325.0
2002,AL,120349989.0,12570681.0,132920670.0
2002,AR,42590549.0,5021095.0,47611645.0
2002,AZ,86650681.0,7480985.0,94131666.0
2002,CA,129662423.0,54547608.0,184210031.0
2002,CO,44222541.0,1377847.0,45600388.0
2002,CT,30154784.0,1156434.0,31311219.0
2002,DE,6002489.0,,6002489.0
2002,FL,199428881.0,3923894.0,203352775.0
2002,GA,117415058.0,9097157.0,126512215.0
2002,HI,11197084.0,465986.0,11663070.0
2002,IA,40564833.0,1963551.0,42528384.0
2002,ID,509309.0,9277624.0,9786933.0
2002,IL,187202119.0,852330.0,188054449.0
2002,IN,125080923.0,527216.0,125608140.0
2002,KS,46709021.0,479425.0,47188446.0
2002,KY,87716454.0,4390214.0,92106668.0
2002,LA,91269043.0,3701921.0,94970964.0
2002,MA,39880600.0,2147218.0,42027818.0
2002,MD,46096468.0,2182620.0,48279088.0
2002,ME,15723653.0,6811380.0,22535033.0
2002,MI,113999830.0,3889257.0,117889087.0
2002,MN,50182194.0,2595771.0,52777965.0
2002,MO,79796567.0,1365631.0,81162198.0
2002,MS,41952217.0,936595.0,42888812.0
2002,MT,15843326.0,9630379.0,25473705.0
2002,NC,119189727.0,5278303.0,124468030.0
2002,ND,29713286.0,1593026.0,31306312.0
2002,NE,30499937.0,1118557.0,31618494.0
2002,NH,13947184.0,2005894.0,15953078.0
2002,NJ,60710158.0,859229.0,61569387.0
2002,NM,30377708.0,283999.0,30661707.0
2002,NV,28694066.0,3394869.0,32088935.0
2002,NY,112736124.0,26855563.0,139591688.0
2002,OH,146429210.0,639640.0,147068850.0
2002,OK,56956530.0,2226889.0,59183419.0
2002,OR,11637411.0,35461958.0,47099369.0
2002,PA,200049821.0,4273057.0,204322878.0
2002,RI,6955328.0,101437.0,7056765.0
2002,SC,93929330.0,2634168.0,96563498.0
2002,SD,3362262.0,4359696.0,7721958.0
2002,TN,87340372.0,8773890.0,96114262.0
2002,TX,380529797.0,5098745.0,385628542.0
2002,UT,35926350.0,681653.0,36608003.0
2002,VA,72066163.0,2939488.0,75005651.0
2002,VT,3975297.0,1480893.0,5456190.0
2002,WA,22874218.0,79890830.0,102765048.0
2002,WI,54900828.0,3530610.0,58431438.0
2002,WV,93681410.0,1080341.0,94761751.0
2002,WY,42752894.0,1030945.0,43783839.0
2003,  ,0.0,,
2003,AK,4750420.0,1588313.0,6338732.0
2003,AL,121149497.0,16337725.0,137487222.0
2003,AR,45902595.0,4498506.0,50401101.0
2003,AZ,87275965.0,7120253.0,94396218.0
2003,CA,132872721.0,59915822.0,192788542.0
2003,CO,45176011.0,1440776.0,46616787.0
2003,CT,28194774.0,1350277.0,29545050.0
2003,DE,7392287.0,,7392287.0
2003,FL,207873255.0,4736756.0,212610011.0
2003,GA,116763291.0,7313544.0,124076834.0
2003,HI,10358835.0,617536.0,10976371.0
2003,IA,40231459.0,1884733.0,42116192.0
2003,ID,1527948.0,8894987.0,10422935.0
2003,IL,188097810.0,957451.0,189055260.0
2003,IN,124345127.0,543091.0,124888217.0
2003,KS,46189185.0,378374.0,46567560.0
2003,KY,87471528.0,4247292.0,91718820.0
2003,LA,90914745.0,3970294.0,94885040.0
2003,MA,46056719.0,2328305.0,48385024.0
2003,MD,49001203.0,3243035.0,52244237.0
2003,ME,12213003.0,6758632.0,18971635.0
2003,MI,107463542.0,3883518.0,111347060.0
2003,MN,52115792.0,2935204.0,55050995.0
2003,MO,86564134.0,660953.0,87225087.0
2003,MS,39126103.0,1022175.0,40148278.0
2003,MT,17495787.0,8772940.0,26268726.0
2003,NC,118405660.0,9176659.0,127582319.0
2003,ND,29538745.0,1783384.0,31322129.0
2003,NE,29381211.0,1074773.0,30455984.0
2003,NH,19469943.0,2127165.0,21597107.0
2003,NJ,56453690.0,945662.0,57399351.0
2003,NM,32382218.0,353434.0,32735653.0
2003,NV,30372472.0,2822416.0,33194888.0
2003,NY,111639156.0,26004160.0,137643316.0
2003,OH,145686576.0,951552.0,146638128.0
2003,OK,58506851.0,2120005.0,60626856.0
2003,OR,14633209.0,34332929.0,48966139.0
2003,PA,200905628.0,5443885.0,206349513.0
2003,RI,5513356.0,107789.0,5621145.0
2003,SC,88811303.0,4961375.0,93772677.0
2003,SD,3623285.0,4320552.0,7943837.0
2003,TN,79388311.0,12833482.0,92221791.0
2003,TX,374337409.0,4862276.0,379199685.0
2003,UT,37398779.0,624887.0,38023666.0
2003,VA,71266491.0,4042928.0,75309420.0
2003,VT,4468788.0,1559174.0,6027962.0
2003,WA,26209602.0,73885088.0,100094691.0
2003,WI,57053405.0,3069019.0,60122425.0
2003,WV,93181552.0,1530001.0,94711554.0
2003,WY,42666569.0,960033.0,43626602.0
2004,AK,5019481.0,1507237.0,6526717.0
2004,AL,122949316.0,14405454.0,137354771.0
2004,AR,46473814.0,5453818.0,51927632.0
2004,AZ,97542734.0,7021410.0,104564143.0
2004,CA,136668526.0,58111828.0,194780355.0
2004,CO,46419706.0,1449786.0,47869492.0
2004,CT,31412976.0,1220431.0,32633408.0
2004,DE,7855552.0,,7855553.0
2004,FL,213351098.0,4766829.0,218117928.0
2004,GA,119928579.0,6884135.0,126812715.0
2004,HI,10766887.0,643516.0,11410403.0
2004,IA,41146353.0,2101837.0,43248189.0
2004,ID,1841104.0,9021935.0,10863039.0
2004,IL,190982251.0,975528.0,191957778.0
2004,IN,127189306.0,581091.0,127770396.0
2004,KS,46411479.0,371179.0,46782659.0
2004,KY,90338679.0,4191269.0,94529947.0
2004,LA,94107092.0,4065216.0,98172309.0
2004,MA,45272301.0,2228182.0,47500483.0
2004,MD,48956042.0,3096729.0,52052770.0
2004,ME,12070600.0,7028286.0,19098885.0
2004,MI,114389236.0,4098033.0,118487269.0
2004,MN,49828765.0,2535361.0,52364127.0
2004,MO,86143362.0,1489548.0,87632910.0
2004,MS,42148167.0,1514446.0,43662613.0
2004,MT,17870290.0,8918477.0,26788768.0
2004,NC,119161955.0,7168001.0,126329957.0
2004,ND,28170116.0,1765990.0,29936106.0
2004,NE,31017739.0,990970.0,32008709.0
2004,NH,21676780.0,2199008.0,23875787.0
2004,NJ,55039007.0,843335.0,55882342.0
2004,NM,32287949.0,652412.0,32940361.0
2004,NV,34754807.0,2912627.0,37667435.0
2004,NY,112063456.0,25901337.0,137964794.0
2004,OH,147188253.0,1157653.0,148345905.0
2004,OK,56930265.0,3799295.0,60729560.0
2004,OR,17185356.0,34195922.0,51381278.0
2004,PA,209227509.0,5430992.0,214658501.0
2004,RI,4832432.0,106987.0,4939420.0
2004,SC,93729841.0,4210088.0,97939929.0
2004,SD,3755027.0,3755187.0,7510214.0
2004,TN,86356501.0,11238041.0,97594542.0
2004,TX,384751836.0,5547296.0,390299132.0
2004,UT,37563431.0,648545.0,38211977.0
2004,VA,74884633.0,4015407.0,78900040.0
2004,VT,3879044.0,1591334.0,5470379.0
2004,WA,28277928.0,73887124.0,102165052.0
2004,WI,57350618.0,3094316.0,60444933.0
2004,WV,88268021.0,1481541.0,89749562.0
2004,WY,43597942.0,1209662.0,44807604.0
2005,AK,5106873.0,1469787.0,6576659.0
2005,AL,124157198.0,13791383.0,137948581.0
2005,AR,42976471.0,4818039.0,47794509.0
2005,AZ,94994595.0,6484059.0,101478654.0
2005,CA,137006704.0,63286113.0,200292818.0
2005,CO,47390838.0,2225857.0,49616694.0
2005,CT,32318213.0,1231534.0,33549747.0
2005,DE,8136568.0,,8136568.0
2005,FL,215663057.0,4593355.0,220256412.0
2005,GA,129363950.0,7303941.0,136667892.0
2005,HI,10888649.0,634157.0,11522805.0
2005,IA,41432658.0,2723502.0,44156160.0
2005,ID,1723232.0,9101752.0,10824984.0
2005,IL,193208228.0,911918.0,194120146.0
2005,IN,129865598.0,505974.0,130371573.0
2005,KS,45425536.0,437160.0,45862696.0
2005,KY,94439814.0,3382605.0,97822419.0
2005,LA,88919162.0,3697716.0,92616878.0
2005,MA,45215178.0,2300265.0,47515443.0
2005,MD,50334595.0,2327004.0,52661600.0
2005,ME,10684862.0,8159115.0,18843978.0
2005,MI,117663740.0,3956031.0,121619771.0
2005,MN,49592158.0,3426837.0,53018995.0
2005,MO,89660307.0,1167924.0,90828230.0
2005,MS,43545757.0,1521697.0,45067453.0
2005,MT,18279818.0,9658961.0,27938778.0
2005,NC,122544927.0,7203650.0,129748578.0
2005,ND,30360458.0,1572158.0,31932615.0
2005,NE,30454006.0,1010727.0,31464734.0
2005,NH,21729213.0,2740800.0,24470013.0
2005,NJ,59643566.0,906018.0,60549583.0
2005,NM,34171372.0,964270.0,35135642.0
2005,NV,37248665.0,2965087.0,40213752.0
2005,NY,119116452.0,27770967.0,146887419.0
2005,OH,156014990.0,961333.0,156976323.0
2005,OK,64840445.0,3767382.0,68607827.0
2005,OR,16776146.0,32548857.0,49325003.0
2005,PA,213529637.0,4561487.0,218091125.0
2005,RI,6046560.0,6734.0,6053294.0
2005,SC,97762877.0,4751787.0,102514665.0
2005,SD,3288099.0,3232670.0,6520769.0
2005,TN,87041539.0,10075626.0,97117165.0
2005,TX,390000550.0,6668172.0,396668722.0
2005,UT,37191917.0,973213.0,38165131.0
2005,VA,74960796.0,3982249.0,78943045.0
2005,VT,4083966.0,1632788.0,5716755.0
2005,WA,27777540.0,74188311.0,101965850.0
2005,WI,58902791.0,2921872.0,61824664.0
2005,WV,92024114.0,1602171.0,93626285.0
2005,WY,44041668.0,1525639.0,45567307.0
2006,AK,5443137.0,1231060.0,6674197.0
2006,AL,129759194.0,11136248.0,140895441.0
2006,AR,48895340.0,3273363.0,52168703.0
2006,AZ,97546056.0,6846471.0,104392528.0
2006,CA,144835913.0,71962775.0,216798688.0
2006,CO,48010918.0,2687435.0,50698353.0
2006,CT,33374524.0,1307212.0,34681736.0
2006,DE,7181763.0,417.0,7182179.0
2006,FL,219217510.0,4534111.0,223751621.0
2006,GA,132022452.0,5987755.0,138010208.0
2006,HI,10821445.0,737729.0,11559174.0
2006,IA,42119397.0,3364065.0,45483462.0
2006,ID,1453757.0,11932329.0,13386085.0
2006,IL,191404854.0,1022104.0,192426958.0
2006,IN,129780060.0,709727.0,130489788.0
2006,KS,44522197.0,1001539.0,45523736.0
2006,KY,95741515.0,3050499.0,98792014.0
2006,LA,87246251.0,3675577.0,90921829.0
2006,MA,42806301.0,2791474.0,45597775.0
2006,MD,46226444.0,2730436.0,48956880.0
2006,ME,8570389.0,8245783.0,16816173.0
2006,MI,108593827.0,3962912.0,112556738.0
2006,MN,49607174.0,3630613.0,53237789.0
2006,MO,91463158.0,223185.0,91686343.0
2006,MS,44687766.0,1541082.0,46228847.0
2006,MT,17582991.0,10660546.0,28243536.0
2006,NC,119547467.0,5667317.0,125214784.0
2006,ND,28987074.0,1894063.0,30881137.0
2006,NE,30463322.0,1206647.0,31669969.0
2006,NH,19788405.0,2275290.0,22063695.0
2006,NJ,59747918.0,952219.0,60700139.0
2006,NM,35790093.0,1475532.0,37265625.0
2006,NV,28458685.0,3401337.0,31860022.0
2006,NY,112324136.0,29941296.0,142265432.0
2006,OH,154343524.0,1090551.0,155434075.0
2006,OK,67981578.0,2633303.0,70614880.0
2006,OR,13661410.0,39679286.0,53340695.0
2006,PA,213494507.0,5317088.0,218811595.0
2006,RI,5812903.0,154822.0,5967725.0
2006,SC,95550221.0,3717385.0,99267606.0
2006,SD,3586445.0,3545798.0,7132243.0
2006,TN,85351853.0,8559250.0,93911102.0
2006,TX,392102646.0,8480231.0,400582878.0
2006,UT,40311064.0,952259.0,41263324.0
2006,VA,69259894.0,3809645.0,73069537.0
2006,VT,5115769.0,1968575.0,7084344.0
2006,WA,23692673.0,84510483.0,108203155.0
2006,WI,58695623.0,2944221.0,61639843.0
2006,WV,92069319.0,1746486.0,93815804.0
2006,WY,43797993.0,1602377.0,45400370.0
2007,AK,5518938.0,1302453.0,6821392.0
2007,AL,135889536.0,7936734.0,143826271.0
2007,AR,49735739.0,4860497.0,54596236.0
2007,AZ,106701661.0,6639310.0,113340970.0
2007,CA,158674572.0,52173008.0,210847581.0
2007,CO,50853130.0,3054362.0,53907492.0
2007,CT,32078110.0,1093101.0,33171209.0
2007,DE,8486047.0,48116.0,8534163.0
2007,FL,220958796.0,4457263.0,225416060.0
2007,GA,139503548.0,5651609.0,145155158.0
2007,HI,10687659.0,845690.0,11533350.0
2007,IA,45919096.0,3870122.0,49789217.0
2007,ID,1809552.0,9674539.0,11484091.0
2007,IL,198822202.0,1438479.0,200260681.0
2007,IN,129956815.0,681183.0,130637999.0
2007,KS,48959157.0,1163039.0,50122196.0
2007,KY,95091109.0,2134210.0,97225319.0
2007,LA,88771804.0,3806525.0,92578329.0
2007,MA,45038269.0,2037706.0,47075975.0
2007,MD,47942246.0,2255677.0,50197924.0
2007,ME,8183420.0,7945148.0,16128567.0
2007,MI,115623200.0,3686736.0,119309936.0
2007,MN,49891188.0,4586460.0,54477646.0
2007,MO,89919447.0,1233635.0,91153081.0
2007,MS,48550321.0,1493365.0,50043686.0
2007,MT,18960437.0,9971057.0,28931493.0
2007,NC,125458923.0,4656378.0,130115301.0
2007,ND,29284433.0,1939672.0,31224105.0
2007,NE,31817230.0,625468.0,32442699.0
2007,NH,20888670.0,2388501.0,23277171.0
2007,NJ,61806758.0,864487.0,62671245.0
2007,NM,34308122.0,1677211.0,35985333.0
2007,NV,29369887.0,3299849.0,32669736.0
2007,NY,117851048.0,28027638.0,145878687.0
2007,OH,154309966.0,845579.0,155155545.0
2007,OK,67624235.0,5194860.0,72819095.0
2007,OR,19262062.0,35815731.0,55077794.0
2007,PA,221306163.0,4782178.0,226088340.0
2007,RI,6890723.0,159121.0,7049844.0
2007,SC,99850196.0,3551946.0,103402142.0
2007,SD,3069304.0,3067301.0,6136605.0
2007,TN,89203281.0,5910128.0,95113409.0
2007,TX,393560247.0,11932049.0,405492296.0
2007,UT,44638838.0,733737.0,45372575.0
2007,VA,74546672.0,3813835.0,78360507.0
2007,VT,4713428.0,1110154.0,5823582.0
2007,WA,24430467.0,82559749.0,106990217.0
2007,WI,60545030.0,2845601.0,63390630.0
2007,WV,92511125.0,1421985.0,93933109.0
2007,WY,44149182.0,1484305.0,45633486.0
2008,AK,5598284.0,1176551.0,6774834.0
2008,AL,136376434.0,9493462.0,145869895.0
2008,AR,48877397.0,6173130.0,55050528.0
2008,AZ,112059612.0,7399559.0,119459172.0
2008,CA,159072516.0,48911747.0,207984263.0
2008,CO,48117816.0,5323778.0,53441594.0
2008,CT,29119781.0,1289691.0,30409473.0
2008,DE,7360464.0,163375.0,7523839.0
2008,FL,215127793.0,4509026.0,219636818.0
2008,GA,131246808.0,4926588.0,136173395.0
2008,HI,10515244.0,861140.0,11376385.0
2008,IA,48016640.0,5070147.0,53086786.0
2008,ID,1859639.0,10110913.0,11970553.0
2008,IL,196301652.0,3173527.0,199475178.0
2008,IN,128562121.0,948174.0,129510294.0
2008,KS,44860335.0,1769986.0,46630321.0
2008,KY,95486252.0,2377090.0,97863340.0
2008,LA,88679093.0,3774048.0,92453141.0
2008,MA,40094288.0,2411189.0,42505478.0
2008,MD,44774389.0,2586563.0,47360953.0
2008,ME,8579530.0,8515390.0,17094919.0
2008,MI,111034286.0,3955520.0,114989806.0
2008,MN,48185416.0,6577943.0,54763360.0
2008,MO,88735997.0,2292799.0,91028795.0
2008,MS,46814385.0,1391326.0,48205711.0
2008,MT,18933484.0,10703653.0,29637137.0
2008,NC,120283208.0,4955855.0,125239063.0
2008,ND,29775404.0,2959175.0,32734579.0
2008,NE,31751954.0,621569.0,32373522.0
2008,NH,20068784.0,2808208.0,22876992.0
2008,NJ,62743727.0,931063.0,63674789.0
2008,NM,35035878.0,1973960.0,37009837.0
2008,NV,31800520.0,3289453.0,35089974.0
2008,NY,110280311.0,30041788.0,140322100.0
2008,OH,152402441.0,1009811.0,153412251.0
2008,OK,69966932.0,6361977.0,76328908.0
2008,OR,21490316.0,37228122.0,58718438.0
2008,PA,216998292.0,5352635.0,222350925.0
2008,RI,7223882.0,163384.0,7387266.0
2008,SC,98039065.0,2938941.0,100978005.0
2008,SD,3942764.0,3139908.0,7082672.0
2008,TN,84051928.0,6611383.0,90663312.0
2008,TX,386109220.0,18678561.0,404787781.0
2008,UT,45608817.0,969946.0,46578763.0
2008,VA,68969080.0,3709453.0,72678531.0
2008,VT,4901974.0,1918242.0,6820216.0
2008,WA,28253255.0,82575196.0,110828451.0
2008,WI,60109477.0,3370077.0,63479555.0
2008,WV,89483539.0,1639557.0,91123097.0
2008,WY,44702631.0,1797817.0,46500448.0
2009,AK,5364877.0,1337282.0,6702159.0
2009,AL,127670327.0,15585230.0,143255556.0
2009,AR,51679483.0,5778257.0,57457739.0
2009,AZ,105341584.0,6629666.0,111971250.0
2009,CA,151348434.0,53427698.0,204776132.0
2009,CO,45434254.0,5131697.0,50565952.0
2009,CT,29937946.0,1268276.0,31206222.0
2009,DE,4715952.0,125611.0,4841563.0
2009,FL,213403775.0,4548534.0,217952308.0
2009,GA,122613523.0,6084852.0,128698376.0
2009,HI,10193050.0,817484.0,11010533.0
2009,IA,43300298.0,8559766.0,51860063.0
2009,ID,1798572.0,11301580.0,13100152.0
2009,IL,190198225.0,3666132.0,193864357.0
2009,IN,114460974.0,2209306.0,116670280.0
2009,KS,43801243.0,2876065.0,46677308.0
2009,KY,86949251.0,3681175.0,90630427.0
2009,LA,87393366.0,3600310.0,90993676.0
2009,MA,36536318.0,2430334.0,38966651.0
2009,MD,41335282.0,2439548.0,43774832.0
2009,ME,8199926.0,8149923.0,16349849.0
2009,MI,97207496.0,3995111.0,101202605.0
2009,MN,44946104.0,7545745.0,52491849.0
2009,MO,85962774.0,2391498.0,88354272.0
2009,MS,47277205.0,1424279.0,48701484.0
2009,MT,16291229.0,10421506.0,26712735.0
2009,NC,111342742.0,7064661.0,118407403.0
2009,ND,29712114.0,4484353.0,34196467.0
2009,NE,33119372.0,882519.0,34001892.0
2009,NH,17285694.0,2878428.0,20164122.0
2009,NJ,60819327.0,991912.0,61811239.0
2009,NM,37822994.0,1851345.0,39674339.0
2009,NV,33436126.0,4269007.0,37705133.0
2009,NY,101068436.0,32082114.0,133150550.0
2009,OH,134929069.0,1161156.0,136090225.0
2009,OK,68584963.0,6481846.0,75066809.0
2009,OR,19384917.0,37305940.0,56690856.0
2009,PA,213461349.0,6034794.0,219496144.0
2009,RI,7547489.0,149336.0,7696824.0
2009,SC,96045509.0,4079976.0,100125486.0
2009,SD,3337325.0,4859207.0,8196531.0
2009,TN,68554458.0,11162430.0,79716889.0
2009,TX,375034777.0,22133133.0,397167910.0
2009,UT,42221152.0,1321793.0,43542946.0
2009,VA,66185917.0,3896149.0,70082066.0
2009,VT,5367478.0,1914870.0,7282348.0
2009,WA,26492759.0,77977375.0,104470133.0
2009,WI,56224777.0,3734283.0,59959060.0
2009,WV,68394986.0,2387528.0,70782514.0
2009,WY,42836435.0,3192777.0,46029212.0
2010,AK,5307523.0,1452052.0,6759576.0
2010,AL,141069272.0,11081240.0,152150512.0
2010,AR,55717279.0,5282905.0,61000185.0
2010,AZ,104809890.0,6941067.0,111750957.0
2010,CA,145245004.0,58880591.0,204125596.0
2010,CO,45587996.0,5132797.0,50720792.0
2010,CT,32219296.0,1130327.0,33349623.0
2010,DE,5489448.0,138197.0,5627645.0
2010,FL,224431737.0,4664198.0,229095935.0
2010,GA,131074677.0,6502265.0,137576941.0
2010,HI,10018645.0,817391.0,10836036.0
2010,IA,47200069.0,10308651.0,57508721.0
2010,ID,1856310.0,10168254.0,12024564.0
2010,IL,196095169.0,5256702.0,201351872.0
2010,IN,121481360.0,3699378.0,125180739.0
2010,KS,44451198.0,3472565.0,47923762.0
2010,KY,95197537.0,3020120.0,98217658.0
2010,LA,99308371.0,3576570.0,102884940.0
2010,MA,40534751.0,2270073.0,42804824.0
2010,MD,41366203.0,2241061.0,43607264.0
2010,ME,9055995.0,7962664.0,17018660.0
2010,MI,107468367.0,4083005.0,111551371.0
2010,MN,46190185.0,7480043.0,53670227.0
2010,MO,89786046.0,2526944.0,92312989.0
2010,MS,52982991.0,1504270.0,54487260.0
2010,MT,19349360.0,10441819.0,29791181.0
2010,NC,121838793.0,6839691.0,128678483.0
2010,ND,28589396.0,6150146.0,34739542.0
2010,NE,34822997.0,1807009.0,36630006.0
2010,NH,19486111.0,2709801.0,22195912.0
2010,NJ,64814321.0,868173.0,65682494.0
2010,NM,34179741.0,2071802.0,36251542.0
2010,NV,30702304.0,4443943.0,35146248.0
2010,NY,106675408.0,30286245.0,136961654.0
2010,OH,142469224.0,1129113.0,143598337.0
2010,OK,65281990.0,6968743.0,72250733.0
2010,OR,19827859.0,35299140.0,55126999.0
2010,PA,223174930.0,6577377.0,229752306.0
2010,RI,7594940.0,143779.0,7738719.0
2010,SC,99903624.0,4249508.0,104153133.0
2010,SD,3439086.0,6610551.0,10049636.0
2010,TN,73223280.0,9125344.0,82348625.0
2010,TX,382728386.0,28966660.0,411695046.0
2010,UT,40772876.0,1476479.0,42249355.0
2010,VA,69246625.0,3719831.0,72966456.0
2010,VT,4790765.0,1829226.0,6619990.0
2010,WA,28567383.0,74905347.0,103472729.0
2010,WI,59728260.0,4585808.0,64314067.0
2010,WV,78482414.0,2306533.0,80788947.0
2010,WY,43848574.0,4270680.0,48119254.0
2011,AK,5510554.5,1360478.29,6871032.79
2011,AL,144638949.95,11700259.89,156339209.83
2011,AR,56682045.199999996,4625490.68,61307535.89
2011,AZ,98421878.03,9703478.86,108125356.89
2011,CA,131024950.15,69779892.34,200804842.48
2011,CO,43983283.25,7449271.04,51432554.29
2011,CT,32518069.959999997,1227150.64,33745220.61
2011,DE,6432358.33,157836.47,6590194.8
2011,FL,217042388.61,4852185.470000001,221894574.08
2011,GA,118854764.02000001,5894577.140000001,124749341.16
2011,HI,9749272.26,974060.6499999999,10723332.91
2011,IA,44576792.029999994,11795120.620000001,56371912.65
2011,ID,1271812.68,15296973.22,16568785.9
2011,IL,192493972.35,7005755.6899999995,199499728.04
2011,IN,118101636.41,4029777.55,122131413.96
2011,KS,41566363.120000005,3793477.0,45359840.12
2011,KY,94945439.67,3405542.51,98350982.18
2011,LA,102004187.12,3486549.84,105490736.96
2011,MA,35699485.21,2355335.32,38054820.51
2011,MD,38449204.04,3368864.14,41818068.19
2011,ME,7500016.2,8473671.86,15973688.06
2011,MI,104849874.23,4319632.64,109169506.87
2011,MN,43967801.97,9152259.53,53120061.49
2011,MO,92450847.81,2425548.88,94876396.7
2011,MS,50064866.15,1506076.51,51570942.64
2011,MT,16267493.620000001,13861048.95,30128542.57
2011,NC,112150974.46,6238880.45,118389854.92
2011,ND,27254406.1,7825494.0,35079900.1
2011,NE,33361518.51,2733532.5,36095051.0
2011,NH,17369907.13,2696033.88,20065941.0
2011,NJ,63714177.2,979918.79,64694095.97
2011,NM,35744647.88,2436491.42,38181139.3
2011,NV,27307991.389999997,4627926.51,31935917.91
2011,NY,104587570.81,32892776.14,137480346.95
2011,OH,134266457.97,1319346.5,135585804.47
2011,OK,67179541.1,7426172.52,74605713.61
2011,OR,11890525.319999998,47804638.8,59695164.13
2011,PA,219998516.31,7316206.03,227314722.36
2011,RI,8584544.55,137728.0,8722272.55
2011,SC,99289218.01,3683349.16,102972567.17
2011,SD,2722421.5,9276464.0,11998885.5
2011,TN,70508446.61999999,10595415.61,81103862.22
2011,TX,402730736.4,32746187.17,435476923.58
2011,UT,38645000.18,2191149.84,40836150.01
2011,VA,63264829.5,3406029.58,66670859.07
2011,VT,4918790.2,1857428.6099999999,6776218.81
2011,WA,15430556.889999999,99832043.94,115262600.82
2011,WI,58377422.98,4911920.8100000005,63289343.77
2011,WV,76434575.8,2565047.74,78999623.54
2011,WY,41802872.83,5835598.0,47638470.83
2012,AK,5331416.0,1615002.0,6946419.0
2012,AL,142666910.0,10211777.0,152878688.0
2012,AR,61146836.0,3858842.0,65005678.0
2012,AZ,102490407.0,8414586.0,110904994.0
2012,CA,142714352.0,56804216.0,199518567.0
2012,CO,44867410.0,7689290.0,52556701.0
2012,CT,35138878.0,978666.0,36117544.0
2012,DE,8502643.0,131051.0,8633694.0
2012,FL,216421827.0,4674309.0,221096136.0
2012,GA,116791527.0,5514837.0,122306364.0
2012,HI,9429872.0,1039396.0,10469269.0
2012,IA,41725789.0,14949617.0,56675406.0
2012,ID,2044182.0,13454907.0,15499089.0
2012,IL,189081495.0,8483867.0,197565362.0
2012,IN,110715857.0,3979872.0,114695729.0
2012,KS,39161638.0,5263052.0,44424691.0
2012,KY,87255026.0,2694661.0,89949689.0
2012,LA,100297720.0,3109987.0,103407706.0
2012,MA,33389005.0,2189417.0,35578421.0
2012,MD,35255052.0,2554691.0,37809744.0
2012,ME,6650412.0,8397883.0,15048296.0
2012,MI,103165785.0,4992265.0,108158050.0
2012,MN,42178731.0,10575702.0,52754433.0
2012,MO,89791472.0,2012848.0,91804321.0
2012,MS,53075105.0,1509190.0,54584295.0
2012,MT,15259567.0,12545216.0,27804782.0
2012,NC,110249906.0,6431858.0,116681763.0
2012,ND,28367876.0,7757282.0,36125159.0
2012,NE,31613477.0,2603815.0,34217292.0
2012,NH,16593764.0,2628556.0,19222319.0
2012,NJ,63971938.0,1291470.0,65263408.0
2012,NM,33839239.0,2796670.0,36635909.0
2012,NV,29764218.0,5409046.0,35173263.0
2012,NY,105923327.0,29844916.0,135768244.0
2012,OH,127592948.0,2152784.0,129745731.0
2012,OK,68230350.0,9666237.0,77896588.0
2012,OR,14315307.0,46617424.0,60932730.0
2012,PA,216718678.0,6701038.0,223419715.0
2012,RI,8202875.0,106161.0,8309036.0
2012,SC,93191938.0,3563745.0,96755682.0
2012,SD,3138575.0,8334822.0,11473397.0
2012,TN,68592147.0,9132118.0,77724264.0
2012,TX,395211339.0,34601171.0,429812510.0
2012,US-Total,3553192066.0,494573201.0,4047765267.0
2012,UT,37555450.0,1847510.0,39402961.0
2012,VA,67337017.0,3402218.0,70739235.0
2012,VT,4995297.0,1616489.0,6611786.0
2012,WA,19156770.0,97678705.0,116835473.0
2012,WI,58997497.0,4753441.0,63750938.0
2012,WV,70685402.0,2728003.0,73413405.0
2012,WY,44326030.0,5262577.0,49588606.0
2013,AK,4864021.24,1632800.4,6496821.64
2013,AL,134798167.43,15774756.42,150572923.86
2013,AR,56066938.51,4255553.64,60322492.14
2013,AZ,104678684.35,8647301.77,113325986.12
2013,CA,140744882.93,59332231.7,200077114.62
2013,CO,44188180.660000004,8749255.25,52937435.91
2013,CT,34556771.55,1054017.78,35610789.32
2013,DE,7654329.0,106532.0,7760861.0
2013,FL,217485964.36,4912959.61,222398923.98
2013,GA,113400965.87,7552768.4399999995,120953734.3
2013,HI,9061776.43,1205275.85,10267052.27
2013,IA,40194598.06,16476158.870000001,56670756.92
2013,ID,3560623.9699999997,11625504.24,15186128.21
2013,IL,192599289.03,10405630.45,203004919.48
2013,IN,106128613.36,4274863.76,110403477.11
2013,KS,38966864.9,9505716.4,48472581.3
2013,KY,86139126.49,3601894.74,89741021.22
2013,LA,98179013.2,3831163.7800000003,102010176.99
2013,MA,30445090.57,2439930.12,32885020.68
2013,MD,33182628.27,2668184.07,35850812.33
2013,ME,5576218.949999999,8453818.65,14030037.61
2013,MI,98484367.12,6933433.43,105417800.56
2013,MN,40914588.58,10382399.03,51296987.61
2013,MO,89249288.9,2377304.04,91626592.93
2013,MS,51361876.79,1448387.1099999999,52810263.89
2013,MT,16289305.0,11398021.309999999,27687326.31
2013,NC,116080910.63,9855382.74,125936293.36
2013,ND,27644812.73,7376860.0,35021672.73
2013,NE,34111674.03,2992953.74,37104627.77
2013,NH,16655919.09,3122601.36,19778520.45
2013,NJ,63285549.75,1465391.96,64750941.71
2013,NM,33179077.79,2691887.39,35870965.18
2013,NV,30071769.52,6372104.08,36443873.59
2013,NY,105255430.12,30861399.85,136116829.97
2013,OH,134725691.44,2558497.24,137284188.68
2013,OK,59989198.11,13684482.16,73673680.26
2013,OR,18162932.93,41732581.72,59895514.66
2013,PA,218506970.83,8278659.64,226785630.47
2013,RI,6189630.66,57176.06,6246806.72
2013,SC,89863621.15,5386272.82,95249893.97
2013,SD,3358578.5,6750308.0,10108886.5
2013,TN,66098147.089999996,13553472.34,79651619.43
2013,TX,395140566.28,38239599.419999994,433380165.69
2013,US-Total,3543890618.33,522073449.13,4065964067.46
2013,UT,41080014.6,1436736.24,42516750.82
2013,VA,72736954.04,4159611.0300000003,76896565.06
2013,VT,4854459.59,2030450.41,6884910.0
2013,WA,27196064.38,86976851.87,114172916.23
2013,WI,60791938.64,5170853.15,65962791.79
2013,WV,72733775.64,3129291.0,75863066.64
2013,WY,47338903.24,5144162.17,52483065.4
2014,AK,4289622.0,1753207.0,6042830.0
2014,AL,137094553.0,12245893.0,149340447.0
2014,AR,57422144.0,4169993.0,61592137.0
2014,AZ,102298561.0,9958627.0,112257187.0
2014,CA,140359524.0,58448098.0,198807622.0
2014,CO,44330199.0,9517187.0,53847386.0
2014,CT,32474174.0,1202806.0,33676980.0
2014,DE,7572503.0,131080.0,7703584.0
2014,FL,224731441.0,5284496.0,230015937.0
2014,GA,118490267.0,7346956.0,125837224.0
2014,HI,8904326.0,1299833.0,10204158.0
2014,IA,39401677.0,17451606.0,56853282.0
2014,ID,2705088.0,12479328.0,15184417.0
2014,IL,191312196.0,10831681.0,202143878.0
2014,IN,111035532.0,4359861.0,115395392.0
2014,KS,38808071.0,10920292.0,49728363.0
2014,KY,87304878.0,3591556.0,90896435.0
2014,LA,100359759.0,3869642.0,104229402.0
2014,MA,28486564.0,2632028.0,31118591.0
2014,MD,35229255.0,2604398.0,37833652.0
2014,ME,5133746.0,8114964.0,13248710.0
2014,MI,98542617.0,8274375.0,106816991.0
2014,MN,44993001.0,12005328.0,56998330.0
2014,MO,85881685.0,1952783.0,87834468.0
2014,MS,53619143.0,1507948.0,55127092.0
2014,MT,16788062.0,13469554.0,30257616.0
2014,NC,120111674.0,8031914.0,128143588.0
2014,ND,27726083.0,8736424.0,36462508.0
2014,NE,35472385.0,3958905.0,39431291.0
2014,NH,16204644.0,3333751.0,19538395.0
2014,NJ,66498256.0,1552829.0,68051086.0
2014,NM,29395109.0,2911100.0,32306210.0
2014,NV,29544365.0,6456172.0,36000537.0
2014,NY,104543785.0,32533527.0,137077312.0
2014,OH,131998763.0,2503800.0,134502563.0
2014,OK,56451843.0,13703662.0,70155504.0
2014,OR,15944439.0,44175468.0,60119907.0
2014,PA,212313654.0,8721580.0,221035234.0
2014,RI,6051370.0,230378.0,6281748.0
2014,SC,92146844.0,5011622.0,97158465.0
2014,SD,3160733.0,7834507.0,10995240.0
2014,TN,69465238.0,10041648.0,79506886.0
2014,TX,395148056.0,42481612.0,437629668.0
2014,US-Total,3554984822.0,538579320.0,4093564142.0
2014,UT,41895405.0,1889121.0,43784526.0
2014,VA,72330447.0,4806992.0,77137438.0
2014,VT,5068520.0,1962874.0,7031394.0
2014,WA,27763051.0,88571311.0,116334363.0
2014,WI,55330632.0,5734164.0,61064796.0
2014,WV,78361605.0,2697972.0,81059577.0
2014,WY,44421716.0,5274467.0,49696183.0
2015,AK,4501422.0,1783515.0,6284937.0
2015,AL,139326338.0,13151088.0,152477427.0
2015,AR,50548349.0,5011079.0,55559428.0
2015,AZ,102471054.0,10670993.0,113142048.0
2015,CA,137500388.0,59203470.0,196703858.0
2015,CO,42965711.0,9427367.0,52393077.0
2015,CT,36363248.0,1107374.0,37470622.0
2015,DE,7680070.0,129936.0,7810006.0
2015,FL,232024911.0,5387722.0,237412633.0
2015,GA,120971314.0,7846583.0,128817898.0
2015,HI,8779880.0,1339620.0,10119500.0
2015,IA,37567999.0,19090920.0,56658918.0
2015,ID,3963410.0,11703685.0,15667095.0
2015,IL,182504093.0,11447947.0,193952040.0
2015,IN,98520387.0,5498889.0,104019275.0
2015,KS,34445916.0,11081207.0,45527124.0
2015,KY,79699065.0,3844607.0,83543671.0
2015,LA,104108574.0,3703779.0,107812354.0
2015,MA,29425881.0,2660088.0,32085969.0
2015,MD,33674557.0,2690987.0,36365544.0
2015,ME,3932083.0,7809182.0,11741265.0
2015,MI,104225868.0,8782182.0,113008050.0
2015,MN,44543057.0,12436710.0,56979768.0
2015,MO,80866171.0,2773896.0,83640067.0
2015,MS,63251331.0,1506532.0,64757864.0
2015,MT,17428665.0,11873736.0,29302401.0
2015,NC,119683489.0,8704955.0,128388445.0
2015,ND,28553147.0,8603466.0,37156612.0
2015,NE,34946995.0,4936396.0,39883391.0
2015,NH,16697845.0,3318049.0,20015893.0
2015,NJ,73004197.0,1604663.0,74608860.0
2015,NM,29867779.0,2833619.0,32701398.0
2015,NV,31679321.0,7367464.0,39046784.0
2015,NY,106248615.0,32333071.0,138581686.0
2015,OH,120564788.0,2514506.0,123079294.0
2015,OK,59103075.0,17032522.0,76135596.0
2015,OR,18662351.0,39204182.0,57866535.0
2015,PA,206121038.0,8424230.0,214545267.0
2015,RI,6700216.0,238804.0,6939019.0
2015,SC,91674253.0,4857959.0,96532213.0
2015,SD,2285035.0,7347998.0,9633033.0
2015,TN,64507583.0,10707051.0,75214636.0
2015,TX,402195577.0,47630759.0,449826336.0
2015,US-Total,3534472784.0,544240990.0,4078713772.0
2015,UT,40007922.0,1941197.0,41949120.0
2015,VA,79109006.0,5302586.0,84411592.0
2015,VT,4549.0,1977498.0,1982047.0
2015,WA,26815165.0,82472293.0,109287458.0
2015,WI,60857784.0,5502399.0,66360183.0
2015,WV,69529014.0,2766255.0,72295269.0
2015,WY,44341549.0,4624969.0,48966519.0
2016,AK,4463564.0,1871470.0,6335034.0
2016,AL,132033788.0,10351310.0,142385098.0
2016,AR,55479103.0,4965956.0,60445059.0
2016,AZ,97073902.0,11689548.0,108763449.0
2016,CA,118308830.0,78654385.0,196963215.0
2016,CO,42394291.0,12024189.0,54418480.0
2016,CT,35379085.0,1117475.0,36496560.0
2016,DE,8606867.0,124394.0,8731261.0
2016,FL,233220479.0,5041672.0,238262150.0
2016,GA,124553399.0,8827016.0,133380416.0
2016,HI,8510791.0,1438055.0,9948845.0
2016,IA,33151853.0,21240654.0,54392507.0
2016,ID,3415881.0,12245056.0,15660938.0
2016,IL,175977041.0,11312090.0,187289131.0
2016,IN,95774688.0,5984370.0,101759059.0
2016,KS,33397638.0,14202353.0,47599991.0
2016,KY,76318944.0,3954557.0,80273501.0
2016,LA,103289508.0,3979296.0,107268804.0
2016,MA,29212949.0,2742072.0,31955022.0
2016,MD,34493046.0,2673640.0,37166687.0
2016,ME,4059465.0,7454962.0,11514427.0
2016,MI,103357332.0,8764458.0,112121790.0
2016,MN,46434638.0,13044114.0,59478753.0
2016,MO,76049833.0,2561679.0,78611513.0
2016,MS,61357094.0,1524200.0,62881295.0
2016,MT,15540660.0,12242870.0,27783529.0
2016,NC,120378700.0,10400457.0,130779157.0
2016,ND,27766919.0,10089533.0,37856452.0
2016,NE,31768276.0,4756593.0,36524869.0
2016,NH,16015415.0,3267078.0,19282493.0
2016,NJ,75763428.0,1847976.0,77611403.0
2016,NM,28374785.0,4537260.0,32912045.0
2016,NV,31121198.0,8665807.0,39787005.0
2016,NY,101165181.0,33211534.0,134376715.0
2016,OH,117352751.0,2533315.0,119886066.0
2016,OK,55644652.0,23010355.0,78655007.0
2016,OR,17250330.0,42931682.0,60182013.0
2016,PA,206724728.0,8317002.0,215041730.0
2016,RI,6316786.0,248099.0,6564885.0
2016,SC,92378366.0,4607399.0,96985764.0
2016,SD,3004034.0,8520149.0,11524184.0
2016,TN,71516841.0,7823792.0,79340633.0
2016,TX,392761296.0,61286294.0,454047591.0
2016,US-Total,3468128699.0,609445101.0,4077573801.0
2016,UT,34929265.0,3204663.0,38133928.0
2016,VA,86970760.0,5584116.0,92554876.0
2016,VT,5982.0,1905225.0,1911207.0
2016,WA,25690636.0,88395945.0,114086582.0
2016,WI,59183621.0,5782990.0,64966611.0
2016,WV,72872567.0,3070401.0,75942968.0
2016,WY,41293805.0,5362826.0,46656630.0
2017,AK,4668546.0,1828919.0,6497466.0
2017,AL,127120579.0,12843671.0,139964250.0
2017,AR,56364432.0,4410786.0,60775216.0
2017,AZ,93336688.0,12515077.0,105851765.0
2017,CA,109239451.0,96907068.0,206146520.0
2017,CO,41511766.0,12332235.0,53844002.0
2017,CT,33385507.0,1177147.0,34562654.0
2017,DE,7377911.0,118065.0,7495976.0
2017,FL,232309516.0,6103920.0,238413437.0
2017,GA,118040957.0,9414357.0,127455314.0
2017,HI,8424465.0,1388503.0,9812968.0
2017,IA,35288287.0,22621279.0,57909566.0
2017,ID,3171757.0,14224267.0,17396024.0
2017,IL,170672469.0,12919102.0,183591571.0
2017,IN,92783272.0,6146548.0,98929818.0
2017,KS,32243563.0,18689734.0,50933296.0
2017,KY,68158602.0,5020593.0,73179196.0
2017,LA,94071930.0,3647283.0,97719213.0
2017,MA,28985125.0,3218989.0,32204115.0
2017,MD,30773905.0,3330176.0,34104080.0
2017,ME,2833687.0,8430592.0,11264280.0
2017,MI,102885850.0,9427651.0,112313501.0
2017,MN,43824759.0,14924073.0,58748831.0
2017,MO,81192446.0,3414285.0,84606731.0
2017,MS,58164666.0,1562971.0,59727637.0
2017,MT,15084847.0,13136099.0,28220946.0
2017,NC,116252986.0,12215131.0,128468117.0
2017,ND,27561738.0,13943336.0,41505074.0
2017,NE,28721295.0,6685687.0,35406982.0
2017,NH,14011668.0,3435173.0,17446841.0
2017,NJ,73753659.0,1890854.0,75644513.0
2017,NM,27586401.0,6011012.0,33597413.0
2017,NV,28531808.0,9669486.0,38201294.0
2017,NY,91275693.0,36749693.0,128025386.0
2017,OH,118116392.0,2698011.0,120814403.0
2017,OK,47765284.0,25966370.0,73731654.0
2017,OR,16844124.0,45869624.0,62713747.0
2017,PA,204369642.0,9221652.0,213591294.0
2017,RI,7246600.0,368341.0,7614941.0
2017,SC,88766671.0,4314266.0,93080939.0
2017,SD,2719841.0,8215878.0,10935719.0
2017,TN,69271744.0,9774478.0,79046222.0
2017,TX,380905281.0,71889085.0,452794365.0
2017,US-Total,3348860219.0,686582676.0,4035442895.0
2017,UT,32490207.0,4921669.0,37411876.0
2017,VA,85178693.0,5238455.0,90417149.0
2017,VT,8940.0,2132448.0,2141388.0
2017,WA,24905011.0,91007068.0,115912078.0
2017,WI,59328040.0,5779291.0,65107333.0
2017,WV,70016247.0,3340833.0,73357080.0
2017,WY,41297567.0,5444279.0,46741846.0
2018,AK,4382644.0,1864714.0,6247359.0
2018,AL,130111225.0,14946770.0,145057994.0
2018,AR,63421473.0,4577878.0,67999352.0
2018,AZ,99052841.0,12872304.0,111925144.0
2018,CA,110502582.0,84963056.0,195465638.0
2018,CO,42588935.0,12797342.0,55386279.0
2018,CT,38024811.0,1428739.0,39453552.0
2018,DE,6126547.0,114097.0,6240644.0
2018,FL,236522930.0,7729105.0,244252035.0
2018,GA,118548110.0,10691262.0,129239371.0
2018,HI,8498141.0,1298632.0,9796773.0
2018,IA,40899033.0,22481537.0,63380569.0
2018,ID,3363109.0,14809010.0,18172120.0
2018,IL,175465425.0,12537933.0,188003357.0
2018,IN,107049292.0,6410420.0,113459711.0
2018,KS,32705013.0,19005200.0,51710213.0
2018,KY,73916674.0,4887823.0,78804497.0
2018,LA,98339958.0,3788526.0,102128485.0
2018,MA,23670731.0,3502150.0,27172882.0
2018,MD,39490670.0,4318979.0,43809648.0
2018,ME,2961495.0,8319205.0,11280700.0
2018,MI,106161456.0,9675639.0,115837095.0
2018,MN,47063734.0,14453708.0,61517441.0
2018,MO,81208139.0,3887245.0,85095384.0
2018,MS,61708634.0,1765138.0,63473771.0
2018,MT,14599487.0,13613344.0,28212831.0
2018,NC,118381304.0,15868193.0,134249497.0
2018,ND,28701216.0,13914105.0,42615321.0
2018,NE,29914612.0,7051604.0,36966216.0
2018,NH,13939299.0,3147857.0,17087156.0
2018,NJ,73050116.0,1983485.0,75033600.0
2018,NM,25049715.0,7623967.0,32673682.0
2018,NV,29212685.0,10427557.0,39640241.0
2018,NY,96452960.0,36067540.0,132520501.0
2018,OH,125117219.0,2820070.0,127937288.0
2018,OK,57417415.0,29763986.0,87181402.0
2018,OR,19438119.0,44675442.0,64113560.0
2018,PA,205229730.0,10156100.0,215385830.0
2018,RI,7972654.0,402603.0,8375257.0
2018,SC,93548569.0,5815520.0,99364088.0
2018,SD,3513452.0,9102944.0,12616396.0
2018,TN,70071141.0,11483775.0,81554917.0
2018,TX,395729884.0,81622541.0,477352425.0
2018,US-Total,3474171889.0,706815816.0,4180987703.0
2018,UT,34904869.0,4470555.0,39375424.0
2018,VA,88807907.0,6701214.0,95509121.0
2018,VT,4633.0,2174283.0,2178915.0
2018,WA,26168383.0,90588345.0,116756729.0
2018,WI,60430299.0,5506504.0,65936803.0
2018,WV,63631397.0,3617627.0,67249025.0
2018,WY,41078452.0,5033684.0,46112136.0
2019,AK,4267339.0,1803504.0,6070843.0
2019,AL,127531821.0,15147612.0,142679433.0
2019,AR,58763253.0,5679646.0,64442898.0
2019,AZ,101284488.0,12267499.0,113551987.0
2019,CA,104508183.0,97276023.0,201784204.0
2019,CO,42294095.0,14043640.0,56337734.0
2019,CT,38722082.0,1327955.0,40050038.0
2019,DE,5138071.0,120466.0,5258538.0
2019,FL,237043024.0,8560460.0,245603485.0
2019,GA,117198885.0,11492686.0,128691569.0
2019,HI,8566465.0,1183532.0,9749998.0
2019,IA,35317269.0,27332294.0,62649563.0
2019,ID,4353578.0,14054233.0,18407812.0
2019,IL,169412534.0,15057518.0,184470052.0
2019,IN,95248028.0,7257353.0,102505381.0
2019,KS,29669934.0,21218058.0,50887992.0
2019,KY,67153657.0,4650596.0,71804254.0
2019,LA,96559586.0,3615177.0,100174762.0
2019,MA,18161279.0,3354357.0,21515636.0
2019,MD,35732461.0,3593134.0,39325595.0
2019,ME,2241875.0,8248688.0,10490562.0
2019,MI,106768629.0,9932858.0,116701488.0
2019,MN,44921672.0,14457718.0,59379390.0
2019,MO,72984930.0,5293821.0,78278751.0
2019,MS,64241062.0,1717698.0,65958760.0
2019,MT,15369667.0,12427412.0,27797079.0
2019,NC,114464478.0,16709383.0,131173861.0
2019,ND,26754822.0,14392502.0,41147324.0
2019,NE,28630047.0,8667568.0,37297615.0
2019,NH,14917183.0,3109412.0,18026595.0
2019,NJ,69008682.0,2010092.0,71018774.0
2019,NM,26677658.0,8496851.0,35174510.0
2019,NV,28544287.0,11345373.0,39889660.0
2019,NY,94056689.0,37546601.0,131603289.0
2019,OH,118277712.0,3272411.0,121550123.0
2019,OK,53104550.0,33281621.0,86386170.0
2019,OR,23543888.0,38714490.0,62258378.0
2019,PA,220170439.0,8824891.0,228995331.0
2019,RI,7152059.0,472344.0,7624403.0
2019,SC,94104709.0,6002795.0,100107504.0
2019,SD,3800334.0,10706313.0,14506647.0
2019,TN,70914385.0,11412724.0,82327109.0
2019,TX,392278833.0,90922198.0,483201031.0
2019,US-Total,3401901173.0,728672706.0,4130573879.0
2019,UT,34855764.0,4261269.0,39117033.0
2019,VA,90612855.0,6214786.0,96827639.0
2019,VT,1913.0,2287885.0,2289798.0
2019,WA,32182057.0,74281552.0,106463608.0
2019,WI,56885038.0,5889260.0,62774299.0
2019,WV,60588530.0,3337109.0,63925639.0
2019,WY,36810274.0,5335383.0,42145656.0
